"","word","freq"
"life","life",1424
"one","one",1208
"new","new",1096
"will","will",1033
"love","love",1029
"story","story",993
"world","world",943
"young","young",912
"family","family",874
"two","two",820
"man","man",689
"find","find",651
"friends","friends",651
"series","series",628
"time","time",584
"film","film",578
"must","must",555
"get","get",494
"can","can",486
"years","years",468
"home","home",466
"lives","lives",458
"first","first",452
"woman","woman",450
"girl","girl",438
"back","back",436
"help","help",425
"kids","kids",410
"day","day",397
"father","father",396
"together","together",395
"take","take",393
"town","town",392
"finds","finds",387
"takes","takes",384
"comedy","comedy",373
"best","best",371
"make","make",370
"city","city",366
"way","way",366
"war","war",358
"people","people",357
"son","son",344
"three","three",343
"group","group",343
"little","little",343
"death","death",342
"now","now",339
"old","old",339
"true","true",335
"journey","journey",329
"like","like",327
"around","around",324
"murder","murder",323
"friend","friend",320
"past","past",317
"just","just",311
"school","school",307
"special","special",305
"mother","mother",303
"becomes","becomes",302
"set","set",301
"gets","gets",300
"wife","wife",299
"learn","learn",296
"daughter","daughter",293
"fun","fun",292
"children","children",292
"show","show",288
"comes","comes",287
"behind","behind",283
"police","police",283
"team","team",281
"become","become",277
"come","come",276
"live","live",270
"mysterious","mysterious",269
"falls","falls",266
"based","based",264
"soon","soon",263
"along","along",261
"night","night",261
"goes","goes",258
"small","small",258
"also","also",250
"secret","secret",250
"american","american",249
"save","save",249
"meets","meets",248
"boy","boy",246
"house","house",245
"songs","songs",244
"movie","movie",242
"things","things",242
"follows","follows",238
"work","work",237
"however","however",236
"stories","stories",236
"men","men",235
"big","big",234
"decides","decides",233
"local","local",233
"history","history",231
"many","many",227
"year","year",226
"discovers","discovers",225
"join","join",225
"forced","forced",224
"high","high",220
"dark","dark",219
"classic","classic",219
"season","season",217
"baby","baby",217
"real","real",211
"turns","turns",209
"fight","fight",208
"discover","discover",207
"brother","brother",207
"begins","begins",204
"never","never",202
"crime","crime",202
"beautiful","beautiful",200
"relationship","relationship",198
"meet","meet",198
"–","–",197
"women","women",196
"end","end",195
"video","video",194
"different","different",194
"face","face",194
"gang","gang",194
"adventure","adventure",193
"events","events",193
"living","living",192
"husband","husband",192
"even","even",191
"last","last",189
"great","great",189
"country","country",189
"drama","drama",189
"john","john",189
"star","star",189
"everything","everything",187
"named","named",187
"battle","battle",186
"village","village",186
"four","four",185
"returns","returns",185
"parents","parents",185
"music","music",184
"every","every",184
"killer","killer",179
"documentary","documentary",178
"across","across",176
"hes","hes",176
"turn","turn",175
"former","former",175
"another","another",175
"educational","educational",175
"game","game",175
"adventures","adventures",173
"dreams","dreams",173
"money","money",173
"stars","stars",171
"tries","tries",170
"power","power",169
"dangerous","dangerous",168
"marriage","marriage",168
"follow","follow",168
"couple","couple",168
"lost","lost",167
"place","place",167
"order","order",164
"whose","whose",164
"enjoy","enjoy",164
"human","human",164
"original","original",163
"nursery","nursery",163
"tale","tale",161
"ever","ever",161
"tells","tells",161
"sister","sister",160
"bring","bring",160
"black","black",159
"college","college",159
"wants","wants",159
"characters","characters",158
"evil","evil",158
"case","case",157
"job","job",157
"look","look",156
"escape","escape",153
"keep","keep",153
"much","much",152
"child","child",152
"action","action",152
"york","york",151
"brings","brings",151
"body","body",151
"five","five",150
"watch","watch",150
"search","search",150
"away","away",150
"good","good",150
"detective","detective",149
"thriller","thriller",148
"see","see",148
"stop","stop",147
"worlds","worlds",145
"may","may",144
"starring","starring",144
"heart","heart",143
"dead","dead",143
"drug","drug",142
"part","part",142
"videos","videos",141
"hilarious","hilarious",141
"leads","leads",141
"future","future",140
"try","try",140
"collection","collection",140
"married","married",140
"fall","fall",140
"well","well",140
"long","long",140
"start","start",140
"makes","makes",140
"girls","girls",140
"full","full",139
"days","days",139
"run","run",137
"yearold","yearold",137
"famous","famous",136
"personal","personal",136
"know","know",135
"left","left",135
"sets","sets",135
"truth","truth",134
"killed","killed",134
"prison","prison",133
"forces","forces",132
"revenge","revenge",131
"later","later",130
"something","something",129
"trying","trying",129
"top","top",129
"head","head",129
"known","known",128
"car","car",128
"christmas","christmas",128
"put","put",128
"play","play",127
"decide","decide",127
"deadly","deadly",127
"lead","lead",127
"america","america",126
"dream","dream",126
"rhymes","rhymes",126
"race","race",125
"next","next",125
"made","made",124
"land","land",124
"king","king",124
"including","including",123
"mystery","mystery",123
"survive","survive",122
"mission","mission",122
"powerful","powerful",121
"change","change",120
"business","business",120
"popular","popular",120
"found","found",120
"always","always",120
"starts","starts",120
"use","use",119
"romance","romance",118
"island","island",117
"student","student",117
"final","final",116
"struggles","struggles",116
"officer","officer",115
"plan","plan",115
"rich","rich",115
"party","party",115
"murdered","murdered",115
"childhood","childhood",115
"leave","leave",114
"sing","sing",113
"learns","learns",113
"career","career",112
"making","making",112
"standup","standup",112
"everyone","everyone",112
"sleep","sleep",112
"working","working",111
"return","return",111
"agent","agent",111
"fighting","fighting",111
"yoga","yoga",111
"inside","inside",110
"finally","finally",110
"kill","kill",110
"deep","deep",110
"called","called",109
"friendship","friendship",108
"army","army",108
"modern","modern",108
"hope","hope",107
"rescue","rescue",107
"hit","hit",107
"horror","horror",107
"dance","dance",106
"chance","chance",106
"community","community",106
"going","going",105
"experience","experience",105
"girlfriend","girlfriend",105
"director","director",105
"missing","missing",104
"south","south",104
"helps","helps",104
"struggle","struggle",104
"learning","learning",103
"brothers","brothers",103
"upon","upon",103
"trip","trip",103
"james","james",103
"white","white",103
"getting","getting",102
"secrets","secrets",102
"band","band",102
"features","features",102
"win","win",102
"favorite","favorite",102
"government","government",102
"explores","explores",101
"earth","earth",101
"reality","reality",101
"doesnt","doesnt",101
"yet","yet",100
"wrong","wrong",100
"successful","successful",100
"company","company",100
"shes","shes",100
"strange","strange",100
"road","road",99
"los","los",99
"unique","unique",99
"shows","shows",99
"wild","wild",99
"funny","funny",99
"move","move",98
"caught","caught",98
"explore","explore",98
"six","six",98
"dog","dog",98
"comedian","comedian",98
"second","second",97
"colors","colors",97
"force","force",97
"travel","travel",97
"criminal","criminal",97
"numbers","numbers",96
"beach","beach",96
"club","club",95
"social","social",95
"age","age",95
"determined","determined",95
"compilation","compilation",95
"control","control",95
"romantic","romantic",95
"cop","cop",94
"justice","justice",94
"ancient","ancient",94
"bad","bad",94
"begin","begin",94
"book","book",93
"haunted","haunted",93
"unexpected","unexpected",93
"ends","ends",93
"without","without",93
"jack","jack",93
"struggling","struggling",93
"featuring","featuring",93
"crew","crew",92
"desperate","desperate",92
"plans","plans",92
"quest","quest",92
"london","london",92
"still","still",92
"greatest","greatest",91
"changes","changes",91
"boys","boys",90
"loves","loves",90
"sent","sent",90
"perfect","perfect",90
"biggest","biggest",90
"british","british",90
"stage","stage",90
"wedding","wedding",90
"families","families",89
"streets","streets",89
"artist","artist",89
"hero","hero",89
"attempt","attempt",89
"nothing","nothing",89
"late","late",89
"summer","summer",88
"angeles","angeles",88
"due","due",88
"course","course",88
"doctor","doctor",88
"accident","accident",88
"murders","murders",88
"workout","workout",88
"break","break",87
"leading","leading",87
"shark","shark",87
"seems","seems",87
"michael","michael",87
"entire","entire",87
"animals","animals",87
"indian","indian",87
"military","military",87
"song","song",87
"awardwinning","awardwinning",87
"female","female",86
"system","system",86
"name","name",86
"involved","involved",86
"inspired","inspired",86
"taking","taking",86
"attempts","attempts",86
"writer","writer",85
"within","within",85
"looking","looking",85
"single","single",85
"since","since",85
"challenges","challenges",85
"natural","natural",85
"owner","owner",85
"role","role",84
"legendary","legendary",84
"members","members",84
"tom","tom",84
"give","give",84
"musical","musical",84
"magical","magical",84
"travels","travels",83
"someone","someone",83
"fathers","fathers",83
"society","society",83
"middle","middle",83
"others","others",83
"early","early",82
"space","space",82
"nature","nature",82
"trouble","trouble",82
"mind","mind",82
"monster","monster",82
"century","century",81
"’s","’s",81
"law","law",81
"right","right",81
"marry","marry",81
"india","india",81
"bus","bus",81
"street","street",80
"rise","rise",80
"happy","happy",80
"moves","moves",80
"sisters","sisters",80
"art","art",80
"create","create",79
"episode","episode",79
"rock","rock",79
"quickly","quickly",79
"works","works",79
"childrens","childrens",79
"peace","peace",79
"side","side",79
"global","global",79
"anything","anything",79
"filmed","filmed",78
"texas","texas",78
"international","international",78
"plays","plays",78
"turned","turned",78
"light","light",78
"protect","protect",78
"state","state",78
"want","want",78
"epic","epic",78
"suddenly","suddenly",78
"hard","hard",78
"really","really",78
"faith","faith",78
"actor","actor",77
"cast","cast",77
"able","able",77
"uncover","uncover",77
"national","national",77
"ultimate","ultimate",77
"following","following",77
"teenage","teenage",77
"trapped","trapped",77
"food","food",77
"gives","gives",77
"coming","coming",76
"form","form",76
"park","park",76
"survival","survival",76
"stay","stay",76
"sex","sex",76
"visit","visit",76
"taken","taken",76
"god","god",76
"political","political",76
"ways","ways",76
"boyfriend","boyfriend",75
"better","better",75
"using","using",75
"relationships","relationships",75
"times","times",75
"ride","ride",75
"violence","violence",75
"leader","leader",75
"robot","robot",75
"bum","bum",75
"brought","brought",74
"investigation","investigation",74
"led","led",74
"forever","forever",74
"serial","serial",74
"dont","dont",74
"challenge","challenge",74
"guy","guy",74
"deal","deal",74
"arrives","arrives",74
"hands","hands",74
"cant","cant",74
"remote","remote",74
"magic","magic",74
"reveals","reveals",74
"sam","sam",73
"gangster","gangster",73
"award","award",73
"created","created",73
"ghost","ghost",73
"present","present",73
"west","west",73
"performance","performance",73
"legend","legend",73
"killing","killing",73
"hidden","hidden",73
"affair","affair",73
"sounds","sounds",73
"brutal","brutal",73
"bill","bill",73
"weeks","weeks",73
"red","red",72
"person","person",72
"violent","violent",72
"wealthy","wealthy",72
"students","students",72
"problems","problems",72
"rest","rest",72
"filled","filled",72
"several","several",72
"close","close",72
"tour","tour",72
"feature","feature",72
"knows","knows",72
"jim","jim",72
"roy","roy",72
"mary","mary",71
"solve","solve",71
"teacher","teacher",71
"directed","directed",71
"novel","novel",71
"gold","gold",71
"amazing","amazing",71
"weekly","weekly",71
"schedule","schedule",71
"north","north",70
"richard","richard",70
"animated","animated",70
"leaving","leaving",70
"need","need",70
"boss","boss",70
"gene","gene",70
"build","build",69
"california","california",69
"david","david",69
"english","english",69
"extraordinary","extraordinary",68
"ready","ready",68
"shocking","shocking",68
"master","master",68
"hunt","hunt",68
"call","call",68
"sea","sea",68
"ranch","ranch",67
"driver","driver",67
"hollywood","hollywood",67
"far","far",67
"truck","truck",67
"thing","thing",67
"leaves","leaves",67
"exciting","exciting",67
"hospital","hospital",67
"morphle","morphle",67
"destroy","destroy",66
"shapes","shapes",66
"share","share",66
"steve","steve",66
"bond","bond",66
"believes","believes",66
"simple","simple",66
"fate","fate",66
"question","question",66
"playing","playing",66
"footage","footage",66
"fire","fire",66
"seen","seen",65
"track","track",65
"train","train",65
"suspect","suspect",65
"includes","includes",65
"short","short",65
"apart","apart",65
"alien","alien",65
"river","river",65
"mexico","mexico",64
"told","told",64
"realizes","realizes",64
"wonderful","wonderful",64
"professor","professor",64
"cars","cars",64
"growing","growing",64
"uses","uses",64
"tragedy","tragedy",64
"spirit","spirit",64
"runs","runs",64
"shot","shot",64
"cat","cat",64
"presents","presents",63
"troubled","troubled",63
"attack","attack",63
"winning","winning",63
"realize","realize",63
"path","path",63
"care","care",63
"happens","happens",63
"plot","plot",63
"films","films",63
"investigate","investigate",63
"ago","ago",63
"mike","mike",63
"prime","prime",62
"singer","singer",62
"stolen","stolen",62
"hours","hours",62
"terrifying","terrifying",62
"seeks","seeks",62
"estranged","estranged",62
"kidnapped","kidnapped",62
"seek","seek",62
"test","test",62
"younger","younger",62
"americas","americas",61
"identity","identity",61
"thomas","thomas",61
"encounters","encounters",61
"private","private",61
"alone","alone",61
"complete","complete",61
"consequences","consequences",61
"animal","animal",61
"born","born",61
"tragic","tragic",61
"weekend","weekend",61
"blood","blood",61
"class","class",61
"hell","hell",61
"whole","whole",61
"website","website",61
"finding","finding",60
"whether","whether",60
"designed","designed",60
"partner","partner",60
"among","among",60
"losing","losing",60
"beloved","beloved",60
"accidentally","accidentally",60
"beauty","beauty",60
"crisis","crisis",60
"used","used",60
"changed","changed",60
"chinese","chinese",60
"major","major",60
"dinosaurs","dinosaurs",59
"might","might",59
"winner","winner",59
"despite","despite",59
"lot","lot",59
"chris","chris",59
"sons","sons",59
"prove","prove",59
"news","news",59
"sure","sure",59
"culture","culture",59
"notorious","notorious",59
"kevin","kevin",58
"tell","tell",58
"eve","eve",58
"theres","theres",58
"drugs","drugs",58
"line","line",58
"states","states",58
"evidence","evidence",58
"kid","kid",58
"becoming","becoming",58
"rob","rob",58
"paul","paul",58
"hour","hour",58
"nick","nick",58
"witness","witness",58
"queen","queen",57
"festival","festival",57
"teams","teams",57
"loses","loses",57
"halloween","halloween",57
"joins","joins",57
"program","program",57
"east","east",57
"super","super",57
"believe","believe",57
"million","million",57
"offers","offers",57
"interviews","interviews",57
"act","act",57
"mountains","mountains",57
"faces","faces",57
"holiday","holiday",57
"television","television",57
"unlikely","unlikely",56
"ocean","ocean",56
"buster","buster",56
"cartoons","cartoons",56
"united","united",56
"fights","fights",56
"supernatural","supernatural",56
"camp","camp",56
"abandoned","abandoned",56
"civil","civil",56
"academy","academy",56
"filmmaker","filmmaker",56
"ruthless","ruthless",56
"enter","enter",55
"lots","lots",55
"rural","rural",55
"teach","teach",55
"complicated","complicated",55
"teenager","teenager",55
"sees","sees",55
"laugh","laugh",55
"scene","scene",55
"needs","needs",55
"george","george",55
"eventually","eventually",55
"became","became",55
"bank","bank",55
"enough","enough",55
"england","england",55
"looks","looks",55
"victims","victims",55
"criminals","criminals",55
"means","means",54
"got","got",54
"planet","planet",54
"captured","captured",54
"thats","thats",54
"style","style",54
"screen","screen",54
"eyes","eyes",54
"daniel","daniel",54
"soldiers","soldiers",54
"professional","professional",54
"encounter","encounter",53
"dramatic","dramatic",53
"frank","frank",53
"lands","lands",53
"football","football",53
"forest","forest",53
"hometown","hometown",53
"comic","comic",53
"paranormal","paranormal",53
"skills","skills",53
"competition","competition",53
"fans","fans",53
"free","free",53
"fear","fear",53
"media","media",52
"half","half",52
"building","building",52
"process","process",52
"peter","peter",52
"puts","puts",52
"hand","hand",52
"mothers","mothers",52
"capture","capture",52
"moving","moving",52
"comedic","comedic",52
"given","given",52
"success","success",52
"older","older",52
"arts","arts",52
"public","public",52
"suicide","suicide",51
"accused","accused",51
"revolves","revolves",51
"important","important",51
"apartment","apartment",51
"threatens","threatens",51
"german","german",51
"week","week",51
"security","security",51
"humor","humor",51
"situation","situation",51
"soldier","soldier",51
"christian","christian",51
"danger","danger",51
"science","science",51
"trucks","trucks",51
"robert","robert",51
"fitnessmaggie","fitnessmaggie",51
"host","host",50
"freedom","freedom",50
"today","today",50
"lose","lose",50
"mark","mark",50
"stranger","stranger",50
"dies","dies",50
"emotional","emotional",50
"eccentric","eccentric",50
"bob","bob",50
"lee","lee",50
"general","general",50
"loss","loss",50
"water","water",50
"actually","actually",50
"theyre","theyre",50
"billy","billy",50
"mans","mans",50
"whos","whos",50
