"","word","sentiment","n"
"1","love","positive",1035
"2","best","positive",405
"3","like","positive",350
"4","death","negative",349
"5","murder","negative",336
"6","fun","positive",328
"7","mysterious","negative",270
"8","falls","negative",265
"9","work","positive",242
"10","dark","negative",224
"11","classic","positive",220
"12","crime","negative",214
"13","beautiful","positive",201
"14","great","positive",193
"15","well","positive",188
"16","killer","negative",183
"17","award","positive",179
"18","lost","negative",174
"19","winning","positive",174
"20","dangerous","negative",168
"21","good","positive",167
"22","enjoy","positive",165
"23","evil","negative",159
"24","famous","positive",153
"25","dead","negative",147
"26","fall","negative",141
"27","hilarious","positive",141
"28","leads","positive",141
"29","top","positive",140
"30","killed","negative",134
"31","mystery","negative",134
"32","prison","negative",134
"33","revenge","negative",134
"34","deadly","negative",127
"35","lead","positive",127
"36","modern","positive",124
"37","powerful","positive",123
"38","popular","positive",121
"39","rich","positive",119
"40","struggles","negative",116
"41","kill","negative",111
"42","struggle","negative",105
"43","successful","positive",104
"44","favorite","positive",102
"45","hard","negative",102
"46","win","positive",102
"47","funny","negative",101
"48","bad","negative",100
"49","strange","negative",100
"50","wild","negative",100
"51","wrong","negative",100
"52","criminal","negative",98
"53","happy","positive",97
"54","hero","positive",97
"55","romantic","positive",97
"56","unexpected","negative",95
"57","break","negative",94
"58","perfect","positive",93
"59","struggling","negative",93
"60","desperate","negative",92
"61","greatest","positive",91
"62","loves","positive",91
"63","shark","negative",88
"64","leading","positive",87
"65","faith","positive",86
"66","right","positive",86
"67","legendary","positive",85
"68","magical","positive",85
"69","monster","negative",84
"70","trouble","negative",83
"71","peace","positive",81
"72","protect","positive",79
"73","works","positive",79
"74","bum","negative",77
"75","trapped","negative",77
"76","better","positive",76
"77","led","positive",76
"78","super","positive",76
"79","survival","positive",76
"80","gangster","negative",75
"81","gold","positive",75
"82","magic","positive",74
"83","brutal","negative",73
"84","killing","negative",73
"85","violent","negative",73
"86","fast","positive",72
"87","free","positive",72
"88","loved","positive",72
"89","problems","negative",72
"90","wealthy","positive",72
"91","amazing","positive",71
"92","ready","positive",69
"93","winner","positive",69
"94","extraordinary","positive",68
"95","master","positive",68
"96","shocking","negative",68
"97","attack","negative",67
"98","exciting","positive",67
"99","destroy","negative",66
"100","suspect","negative",65
"101","plot","negative",64
"102","tragedy","negative",64
"103","wonderful","positive",64
"104","estranged","negative",63
"105","troubled","negative",63
"106","stolen","negative",62
"107","tragic","negative",62
"108","beauty","positive",61
"109","beloved","positive",60
"110","crisis","negative",60
"111","losing","negative",60
"112","notorious","negative",59
"113","loses","negative",57
"114","ruthless","negative",56
"115","unlikely","negative",56
"116","complicated","negative",55
"117","enough","positive",55
"118","loving","positive",55
"119","fear","negative",53
"120","hot","positive",53
"121","lover","positive",53
"122","fans","positive",52
"123","important","positive",52
"124","success","positive",52
"125","suicide","negative",52
"126","danger","negative",51
"127","humor","positive",51
"128","passion","positive",51
"129","stranger","negative",51
"130","acclaimed","positive",50
"131","cold","negative",50
"132","dies","negative",50
"133","eccentric","negative",50
"134","freedom","positive",50
"135","lose","negative",50
"136","loss","negative",50
"137","nightmare","negative",50
"138","awesome","positive",49
"139","poor","negative",48
"140","problem","negative",48
"141","confront","negative",47
"142","treasure","positive",47
"143","breaks","negative",46
"144","colorful","positive",46
"145","dying","negative",46
"146","hell","negative",46
"147","helping","positive",46
"148","honest","positive",46
"149","steal","negative",46
"150","chaos","negative",45
"151","corrupt","negative",45
"152","terror","negative",45
"153","crash","negative",44
"154","destiny","positive",44
"155","happiness","positive",44
"156","issues","negative",44
"157","lies","negative",44
"158","passionate","positive",44
"159","easy","positive",43
"160","fame","positive",43
"161","kills","negative",43
"162","talented","positive",43
"163","welcome","positive",43
"164","fears","negative",42
"165","rival","negative",42
"166","stuck","negative",42
"167","desert","negative",41
"168","die","negative",41
"169","enemy","negative",41
"170","incredible","positive",41
"171","miss","negative",41
"172","safe","positive",41
"173","worse","negative",41
"174","broken","negative",40
"175","celebrate","positive",40
"176","elite","positive",40
"177","falling","negative",40
"178","renowned","positive",40
"179","spectacular","positive",40
"180","twist","negative",40
"181","worst","negative",40
"182","bizarre","negative",39
"183","clear","positive",39
"184","golden","positive",39
"185","inspiring","positive",39
"186","intimate","positive",39
"187","ambitious","positive",38
"188","champion","positive",38
"189","crazy","negative",38
"190","defeat","positive",38
"191","fresh","positive",38
"192","handsome","positive",38
"193","threat","negative",38
"194","tough","positive",38
"195","vengeance","negative",38
"196","bloody","negative",37
"197","genius","positive",37
"198","isolated","negative",37
"199","luck","positive",37
"200","remarkable","positive",37
"201","available","positive",36
"202","challenging","negative",36
"203","horrific","negative",36
"204","infamous","negative",36
"205","suffering","negative",36
"206","talent","positive",36
"207","avenge","negative",35
"208","betrayal","negative",35
"209","died","negative",35
"210","grand","positive",35
"211","support","positive",35
"212","unknown","negative",35
"213","vicious","negative",35
"214","brilliant","positive",34
"215","complex","negative",34
"216","conflict","negative",34
"217","destruction","negative",34
"218","difficult","negative",34
"219","entertaining","positive",34
"220","fascinating","positive",34
"221","mad","negative",34
"222","murderous","negative",34
"223","risk","negative",34
"224","sexy","positive",34
"225","sinister","negative",34
"226","sweet","positive",34
"227","unusual","negative",34
"228","angel","positive",33
"229","blind","negative",33
"230","joy","positive",33
"231","murderer","negative",33
"232","quiet","positive",33
"233","threaten","negative",33
"234","brutally","negative",32
"235","cancer","negative",32
"236","debt","negative",32
"237","fortune","positive",32
"238","intense","negative",32
"239","lonely","negative",32
"240","lucky","positive",32
"241","mistress","negative",32
"242","mysteriously","negative",32
"243","prize","positive",32
"244","stumbles","negative",32
"245","unexpectedly","negative",32
"246","unravel","negative",32
"247","willing","positive",32
"248","burn","negative",31
"249","charming","positive",31
"250","courage","positive",31
"251","failed","negative",31
"252","smart","positive",31
"253","stress","negative",31
"254","strong","positive",31
"255","stunning","positive",31
"256","thrill","positive",31
"257","unable","negative",31
"258","breaking","negative",30
"259","clean","positive",30
"260","cute","positive",30
"261","obsession","positive",30
"262","pain","negative",30
"263","terrible","negative",30
"264","variety","positive",30
"265","abuse","negative",29
"266","clash","negative",29
"267","conspiracy","negative",29
"268","corruption","negative",29
"269","curse","negative",29
"270","daring","positive",29
"271","fake","negative",29
"272","pretty","positive",29
"273","redemption","positive",29
"274","suffers","negative",29
"275","thrilling","positive",29
"276","wins","positive",29
"277","darkness","negative",28
"278","dirty","negative",28
"279","humble","positive",28
"280","intelligence","positive",28
"281","scary","negative",28
"282","shocked","negative",28
"283","creative","positive",27
"284","depression","negative",27
"285","engaging","positive",27
"286","fierce","negative",27
"287","interesting","positive",27
"288","outrageous","negative",27
"289","proves","positive",27
"290","strike","negative",27
"291","worth","positive",27
"292","groundbreaking","positive",26
"293","illegal","negative",26
"294","inspirational","positive",26
"295","peaceful","positive",26
"296","poverty","negative",26
"297","trauma","negative",26
"298","virus","negative",26
"299","zombie","negative",26
"300","awards","positive",25
"301","brave","positive",25
"302","deceit","negative",25
"303","illness","negative",25
"304","orphan","negative",25
"305","slowly","negative",25
"306","spooky","negative",25
"307","trust","positive",25
"308","twists","negative",25
"309","unforgettable","positive",25
"310","unfortunately","negative",25
"311","wonder","positive",25
"312","abusive","negative",24
"313","anger","negative",24
"314","controversial","negative",24
"315","enemies","negative",24
"316","famed","positive",24
"317","gain","positive",24
"318","glory","positive",24
"319","promise","positive",24
"320","rocky","negative",24
"321","twisted","negative",24
"322","attacks","negative",23
"323","cruel","negative",23
"324","crush","negative",23
"325","demon","negative",23
"326","explosive","negative",23
"327","fallen","negative",23
"328","honor","positive",23
"329","influential","positive",23
"330","loose","negative",23
"331","refuses","negative",23
"332","scandal","negative",23
"333","assassin","negative",22
"334","cool","positive",22
"335","crooked","negative",22
"336","desperately","negative",22
"337","devastating","negative",22
"338","disturbing","negative",22
"339","fails","negative",22
"340","helped","positive",22
"341","hostage","negative",22
"342","impossible","negative",22
"343","lack","negative",22
"344","recover","positive",22
"345","savage","negative",22
"346","spirited","positive",22
"347","succeed","positive",22
"348","threatening","negative",22
"349","celebrated","positive",21
"350","charismatic","positive",21
"351","charm","positive",21
"352","greed","negative",21
"353","gritty","negative",21
"354","humorous","positive",21
"355","impress","positive",21
"356","likes","positive",21
"357","loyalty","positive",21
"358","odd","negative",21
"359","parody","negative",21
"360","prestigious","positive",21
"361","reputation","positive",21
"362","valuable","positive",21
"363","angry","negative",20
"364","attraction","positive",20
"365","attractive","positive",20
"366","bomb","negative",20
"367","dedicated","positive",20
"368","guilt","negative",20
"369","havoc","negative",20
"370","healthy","positive",20
"371","injury","negative",20
"372","insane","negative",20
"373","intrigue","positive",20
"374","madness","negative",20
"375","reluctantly","negative",20
"376","respect","positive",20
"377","sharp","positive",20
"378","showdown","negative",20
"379","spiritual","positive",20
"380","steals","negative",20
"381","traumatic","negative",20
"382","won","positive",20
"383","crashes","negative",19
"384","cure","positive",19
"385","dick","negative",19
"386","excitement","positive",19
"387","improve","positive",19
"388","inspiration","positive",19
"389","lie","negative",19
"390","nice","positive",19
"391","opposition","negative",19
"392","puppet","negative",19
"393","racism","negative",19
"394","rage","negative",19
"395","rogue","negative",19
"396","weird","negative",19
"397","apocalypse","negative",18
"398","awkward","negative",18
"399","benefits","positive",18
"400","broke","negative",18
"401","burning","negative",18
"402","confidence","positive",18
"403","darker","negative",18
"404","fantastic","positive",18
"405","fictional","negative",18
"406","gifted","positive",18
"407","happily","positive",18
"408","harsh","negative",18
"409","hate","negative",18
"410","haunting","negative",18
"411","heaven","positive",18
"412","paradise","positive",18
"413","prisoner","negative",18
"414","promises","positive",18
"415","suspicious","negative",18
"416","villains","negative",18
"417","afraid","negative",17
"418","bitter","negative",17
"419","bright","positive",17
"420","cheating","negative",17
"421","dawn","positive",17
"422","dumb","negative",17
"423","dynamic","positive",17
"424","fine","positive",17
"425","friendly","positive",17
"426","haunt","negative",17
"427","limits","negative",17
"428","lovable","positive",17
"429","mischievous","negative",17
"430","reconcile","positive",17
"431","silly","negative",17
"432","slave","negative",17
"433","torture","negative",17
"434","trusted","positive",17
"435","blackmail","negative",16
"436","confused","negative",16
"437","disaster","negative",16
"438","fearless","positive",16
"439","flee","negative",16
"440","forbidden","negative",16
"441","grace","positive",16
"442","grief","negative",16
"443","horrible","negative",16
"444","idyllic","positive",16
"445","jealousy","negative",16
"446","lone","negative",16
"447","poignant","positive",16
"448","positive","positive",16
"449","raped","negative",16
"450","recovery","positive",16
"451","resistance","negative",16
"452","risks","negative",16
"453","ruin","negative",16
"454","suffer","negative",16
"455","thwart","negative",16
"456","unsuspecting","negative",16
"457","bored","negative",15
"458","celebration","positive",15
"459","creepy","negative",15
"460","delightful","positive",15
"461","demonic","negative",15
"462","devastated","negative",15
"463","difficulties","negative",15
"464","disturbed","negative",15
"465","emergency","negative",15
"466","fair","positive",15
"467","falsely","negative",15
"468","fateful","negative",15
"469","fiction","negative",15
"470","greedy","negative",15
"471","gruesome","negative",15
"472","heroic","positive",15
"473","injustice","negative",15
"474","jealous","negative",15
"475","mistake","negative",15
"476","patient","positive",15
"477","perilous","negative",15
"478","playful","positive",15
"479","rebellious","negative",15
"480","ruins","negative",15
"481","sick","negative",15
"482","stealing","negative",15
"483","survivor","positive",15
"484","suspicion","negative",15
"485","tank","negative",15
"486","turbulent","negative",15
"487","unfortunate","negative",15
"488","addicted","negative",14
"489","adventurous","positive",14
"490","apocalyptic","negative",14
"491","arrogant","negative",14
"492","authentic","positive",14
"493","chaotic","negative",14
"494","collapse","negative",14
"495","comfort","positive",14
"496","courageous","positive",14
"497","critical","negative",14
"498","deaf","negative",14
"499","desolate","negative",14
"500","destructive","negative",14
"501","disastrous","negative",14
"502","disgraced","negative",14
"503","disorder","negative",14
"504","hatred","negative",14
"505","holy","positive",14
"506","horrifying","negative",14
"507","humour","positive",14
"508","issue","negative",14
"509","lethal","negative",14
"510","mistaken","negative",14
"511","mobster","negative",14
"512","noise","negative",14
"513","optimal","positive",14
"514","outlaw","negative",14
"515","painful","negative",14
"516","pretend","negative",14
"517","promising","positive",14
"518","punk","negative",14
"519","reluctant","negative",14
"520","revelation","positive",14
"521","rivalry","negative",14
"522","rough","negative",14
"523","shock","negative",14
"524","skill","positive",14
"525","spoiled","negative",14
"526","sweetheart","positive",14
"527","toughest","positive",14
"528","traumatized","negative",14
"529","trick","negative",14
"530","wise","positive",14
"531","wonderfully","positive",14
"532","wrath","negative",14
"533","aspirations","positive",13
"534","calming","positive",13
"535","carefree","positive",13
"536","clever","positive",13
"537","doomed","negative",13
"538","doubt","negative",13
"539","efficient","positive",13
"540","embroiled","negative",13
"541","energetic","positive",13
"542","epidemic","negative",13
"543","grieving","negative",13
"544","guilty","negative",13
"545","heal","positive",13
"546","heartwarming","positive",13
"547","hostile","negative",13
"548","intelligent","positive",13
"549","massacre","negative",13
"550","memorable","positive",13
"551","misfit","negative",13
"552","petty","negative",13
"553","pig","negative",13
"554","rampage","negative",13
"555","rape","negative",13
"556","revolutionary","positive",13
"557","runaway","negative",13
"558","secretive","negative",13
"559","sensation","positive",13
"560","silent","positive",13
"561","surreal","positive",13
"562","toll","negative",13
"563","trump","positive",13
"564","unexplained","negative",13
"565","vengeful","negative",13
"566","warm","positive",13
"567","wonders","positive",13
"568","worked","positive",13
"569","accomplish","positive",12
"570","affection","positive",12
"571","assault","negative",12
"572","calm","positive",12
"573","cave","negative",12
"574","competitive","positive",12
"575","confident","positive",12
"576","conflicts","negative",12
"577","conservative","negative",12
"578","deception","negative",12
"579","devil","negative",12
"580","disillusioned","negative",12
"581","drunk","negative",12
"582","eager","positive",12
"583","excited","positive",12
"584","fat","negative",12
"585","fraud","negative",12
"586","frozen","negative",12
"587","fugitive","negative",12
"588","furious","negative",12
"589","gained","positive",12
"590","glamorous","positive",12
"591","hates","negative",12
"592","heartfelt","positive",12
"593","heroine","positive",12
"594","hurt","negative",12
"595","ideal","positive",12
"596","loud","negative",12
"597","lovely","positive",12
"598","loyal","positive",12
"599","masterpiece","positive",12
"600","miracles","positive",12
"601","mistakes","negative",12
"602","pleasure","positive",12
"603","prominent","positive",12
"604","reclaim","positive",12
"605","restored","positive",12
"606","retreat","negative",12
"607","sneak","negative",12
"608","stronger","positive",12
"609","talents","positive",12
"610","turmoil","negative",12
"611","unemployed","negative",12
"612","unhappy","negative",12
"613","vivid","positive",12
"614","accidental","negative",11
"615","advantage","positive",11
"616","beautifully","positive",11
"617","bent","negative",11
"618","bloodthirsty","negative",11
"619","boom","positive",11
"620","catastrophe","negative",11
"621","crashing","negative",11
"622","depressed","negative",11
"623","easier","positive",11
"624","excellent","positive",11
"625","feisty","positive",11
"626","fell","negative",11
"627","finest","positive",11
"628","foe","negative",11
"629","freak","negative",11
"630","frightening","negative",11
"631","glorious","positive",11
"632","gorgeous","positive",11
"633","hopeful","positive",11
"634","idol","positive",11
"635","inhibit","negative",11
"636","inspire","positive",11
"637","isolation","negative",11
"638","joke","negative",11
"639","lurking","negative",11
"640","masters","positive",11
"641","miracle","positive",11
"642","miserable","negative",11
"643","panic","negative",11
"644","profound","positive",11
"645","proving","positive",11
"646","pure","positive",11
"647","relentless","negative",11
"648","ridiculous","negative",11
"649","ruined","negative",11
"650","sad","negative",11
"651","scam","negative",11
"652","secure","positive",11
"653","seedy","negative",11
"654","shake","negative",11
"655","absurd","negative",10
"656","abused","negative",10
"657","addict","negative",10
"658","afford","positive",10
"659","aggressive","negative",10
"660","burned","negative",10
"661","cannibal","negative",10
"662","captivating","positive",10
"663","cheer","positive",10
"664","comprehensive","positive",10
"665","crack","negative",10
"666","delicious","positive",10
"667","demise","negative",10
"668","dispute","negative",10
"669","dominated","positive",10
"670","drunken","negative",10
"671","dump","negative",10
"672","dumped","negative",10
"673","enjoys","positive",10
"674","fabulous","positive",10
"675","fail","negative",10
"676","frustrated","negative",10
"677","hang","negative",10
"678","hottest","positive",10
"679","ignore","negative",10
"680","impoverished","negative",10
"681","ingenious","positive",10
"682","innovative","positive",10
"683","intriguing","positive",10
"684","kindness","positive",10
"685","lavish","positive",10
"686","limited","negative",10
"687","lying","negative",10
"688","madly","negative",10
"689","malevolent","negative",10
"690","merciless","negative",10
"691","mess","negative",10
"692","overwhelming","negative",10
"693","prejudice","negative",10
"694","priceless","positive",10
"695","progress","positive",10
"696","proud","positive",10
"697","radical","negative",10
"698","rejected","negative",10
"699","skeletons","negative",10
"700","slaughter","negative",10
"701","slow","negative",10
"702","smile","positive",10
"703","stumble","negative",10
"704","trap","negative",10
"705","uncompromising","negative",10
"706","unforgiving","negative",10
"707","unstable","negative",10
"708","untimely","negative",10
"709","volatile","negative",10
"710","wicked","negative",10
"711","witty","positive",10
"712","abyss","negative",9
"713","adorable","positive",9
"714","anxiety","negative",9
"715","anxious","negative",9
"716","biting","negative",9
"717","brutality","negative",9
"718","bullying","negative",9
"719","clumsy","negative",9
"720","comfortable","positive",9
"721","comical","negative",9
"722","confusion","negative",9
"723","crippled","negative",9
"724","crook","negative",9
"725","crooks","negative",9
"726","dazzling","positive",9
"727","devious","negative",9
"728","drag","negative",9
"729","exile","negative",9
"730","expensive","negative",9
"731","failing","negative",9
"732","false","negative",9
"733","fastest","positive",9
"734","festive","positive",9
"735","foul","negative",9
"736","gentle","positive",9
"737","hardened","negative",9
"738","hardships","negative",9
"739","heartbreaking","negative",9
"740","infested","negative",9
"741","insightful","positive",9
"742","lively","positive",9
"743","loot","negative",9
"744","lure","negative",9
"745","luxury","positive",9
"746","manipulative","negative",9
"747","morality","positive",9
"748","naive","negative",9
"749","nemesis","negative",9
"750","nightmarish","negative",9
"751","plague","negative",9
"752","pride","positive",9
"753","protection","positive",9
"754","provocative","negative",9
"755","puppets","negative",9
"756","restful","positive",9
"757","revolt","negative",9
"758","reward","positive",9
"759","sabotage","negative",9
"760","sensitive","positive",9
"761","severe","negative",9
"762","shady","negative",9
"763","skilled","positive",9
"764","soft","positive",9
"765","solace","positive",9
"766","split","negative",9
"767","stormy","negative",9
"768","stricken","negative",9
"769","strict","negative",9
"770","striking","positive",9
"771","struck","negative",9
"772","successfully","positive",9
"773","syndrome","negative",9
"774","terribly","negative",9
"775","timely","positive",9
"776","triumph","positive",9
"777","unpredictable","negative",9
"778","unresolved","negative",9
"779","unscrupulous","negative",9
"780","unthinkable","negative",9
"781","vibrant","positive",9
"782","villainous","negative",9
"783","vulnerable","negative",9
"784","advanced","positive",8
"785","annoying","negative",8
"786","astonishing","positive",8
"787","battered","negative",8
"788","benefit","positive",8
"789","boost","positive",8
"790","boring","negative",8
"791","breathtaking","positive",8
"792","bully","negative",8
"793","carnage","negative",8
"794","cons","negative",8
"795","controversy","negative",8
"796","crumbling","negative",8
"797","cynical","negative",8
"798","debts","negative",8
"799","defeating","positive",8
"800","denied","negative",8
"801","destitute","negative",8
"802","dirt","negative",8
"803","discrimination","negative",8
"804","dragged","negative",8
"805","educated","positive",8
"806","effective","positive",8
"807","enhance","positive",8
"808","enhanced","positive",8
"809","entertain","positive",8
"810","exceptional","positive",8
"811","faster","positive",8
"812","fatal","negative",8
"813","fiery","positive",8
"814","formidable","positive",8
"815","fragile","negative",8
"816","gains","positive",8
"817","garbage","negative",8
"818","guidance","positive",8
"819","humiliation","negative",8
"820","imaginative","positive",8
"821","inevitable","negative",8
"822","interfere","negative",8
"823","invisible","negative",8
"824","keen","positive",8
"825","malicious","negative",8
"826","mercy","positive",8
"827","misery","negative",8
"828","misunderstandings","negative",8
"829","nervous","negative",8
"830","nonsense","negative",8
"831","object","negative",8
"832","obsessive","negative",8
"833","ominous","negative",8
"834","opponent","negative",8
"835","outbreak","negative",8
"836","outsider","negative",8
"837","outstanding","positive",8
"838","outwit","positive",8
"839","paranoia","negative",8
"840","plight","negative",8
"841","prodigy","positive",8
"842","promised","positive",8
"843","queer","negative",8
"844","redeem","positive",8
"845","reformed","positive",8
"846","revive","positive",8
"847","righteous","positive",8
"848","scandals","negative",8
"849","smoke","negative",8
"850","stability","positive",8
"851","stooges","negative",8
"852","stupid","negative",8
"853","suave","positive",8
"854","superior","positive",8
"855","sweeping","positive",8
"856","tangled","negative",8
"857","tense","negative",8
"858","timid","negative",8
"859","tired","negative",8
"860","treacherous","negative",8
"861","troubles","negative",8
"862","tumultuous","negative",8
"863","unforeseen","negative",8
"864","unimaginable","negative",8
"865","unspeakable","negative",8
"866","visionary","positive",8
"867","warmth","positive",8
"868","wayward","negative",8
"869","worried","negative",8
"870","worthy","positive",8
"871","wounds","negative",8
"872","abruptly","negative",7
"873","absence","negative",7
"874","accomplished","positive",7
"875","amusing","positive",7
"876","assassinate","negative",7
"877","bleak","negative",7
"878","blow","negative",7
"879","bravery","positive",7
"880","breakup","negative",7
"881","bust","negative",7
"882","cheap","negative",7
"883","cheat","negative",7
"884","cheated","negative",7
"885","compassion","positive",7
"886","confess","negative",7
"887","confrontation","negative",7
"888","confusing","negative",7
"889","convincing","positive",7
"890","critic","negative",7
"891","cry","negative",7
"892","cursed","negative",7
"893","damaged","negative",7
"894","decline","negative",7
"895","defy","negative",7
"896","despair","negative",7
"897","dilemma","negative",7
"898","drastically","negative",7
"899","ease","positive",7
"900","enjoying","positive",7
"901","excellence","positive",7
"902","fist","negative",7
"903","flees","negative",7
"904","frustration","negative",7
"905","fury","negative",7
"906","genuine","positive",7
"907","glow","positive",7
"908","helpless","negative",7
"909","honesty","positive",7
"910","illegally","negative",7
"911","immense","positive",7
"912","impending","negative",7
"913","insanity","negative",7
"914","instantly","positive",7
"915","interests","positive",7
"916","jeopardy","negative",7
"917","joyful","positive",7
"918","lazy","negative",7
"919","loneliness","negative",7
"920","loser","negative",7
"921","lucrative","positive",7
"922","luxurious","positive",7
"923","macabre","negative",7
"924","magnificent","positive",7
"925","messy","negative",7
"926","mistakenly","negative",7
"927","monstrous","negative",7
"928","myth","negative",7
"929","naughty","negative",7
"930","optimistic","positive",7
"931","ordeal","negative",7
"932","paralyzed","negative",7
"933","protest","negative",7
"934","punch","negative",7
"935","racist","negative",7
"936","raging","negative",7
"937","realistic","positive",7
"938","reform","positive",7
"939","refuse","negative",7
"940","safely","positive",7
"941","savvy","positive",7
"942","scared","negative",7
"943","scenic","positive",7
"944","siege","negative",7
"945","startling","negative",7
"946","stern","negative",7
"947","stubborn","negative",7
"948","succeeds","positive",7
"949","sue","negative",7
"950","suffered","negative",7
"951","supreme","positive",7
"952","threats","negative",7
"953","thug","negative",7
"954","tormented","negative",7
"955","tortured","negative",7
"956","toxic","negative",7
"957","traitor","negative",7
"958","ugly","negative",7
"959","unbelievable","negative",7
"960","unleash","negative",7
"961","unsettling","negative",7
"962","unsuccessful","negative",7
"963","upbeat","positive",7
"964","urgent","negative",7
"965","waste","negative",7
"966","weak","negative",7
"967","awe","positive",6
"968","awful","negative",6
"969","blockbuster","positive",6
"970","bloodshed","negative",6
"971","bonus","positive",6
"972","brash","negative",6
"973","breakdown","negative",6
"974","bullies","negative",6
"975","burns","negative",6
"976","catastrophic","negative",6
"977","cheerful","positive",6
"978","commitment","positive",6
"979","concerned","negative",6
"980","correct","positive",6
"981","cozy","positive",6
"982","crashed","negative",6
"983","critics","negative",6
"984","damage","negative",6
"985","dashing","positive",6
"986","delight","positive",6
"987","diabolical","negative",6
"988","dictator","negative",6
"989","dilapidated","negative",6
"990","divine","positive",6
"991","doubts","negative",6
"992","dropout","negative",6
"993","dubious","negative",6
"994","dust","negative",6
"995","efficiently","positive",6
"996","enchanted","positive",6
"997","enchanting","positive",6
"998","enthusiast","positive",6
"999","erase","negative",6
"1000","evade","negative",6
"1001","exhausted","negative",6
"1002","failure","negative",6
"1003","fever","negative",6
"1004","flexibility","positive",6
"1005","gems","positive",6
"1006","goofy","negative",6
"1007","grisly","negative",6
"1008","grumpy","negative",6
"1009","hapless","negative",6
"1010","happier","positive",6
"1011","heavenly","positive",6
"1012","helpful","positive",6
"1013","hopeless","negative",6
"1014","hysteria","negative",6
"1015","hysterical","negative",6
"1016","idiot","negative",6
"1017","incredibly","positive",6
"1018","infected","negative",6
"1019","intimacy","positive",6
"1020","kindly","positive",6
"1021","knock","negative",6
"1022","losses","negative",6
"1023","manipulate","negative",6
"1024","menace","negative",6
"1025","mighty","positive",6
"1026","mischief","negative",6
"1027","noises","negative",6
"1028","obscure","negative",6
"1029","overrun","negative",6
"1030","patriot","positive",6
"1031","peculiar","negative",6
"1032","perseverance","positive",6
"1033","poison","negative",6
"1034","poorly","negative",6
"1035","precious","positive",6
"1036","promoter","positive",6
"1037","rampant","negative",6
"1038","raping","negative",6
"1039","rash","negative",6
"1040","rejects","negative",6
"1041","relentlessly","negative",6
"1042","restless","negative",6
"1043","rumors","negative",6
"1044","sadness","negative",6
"1045","saint","positive",6
"1046","scandalous","negative",6
"1047","scare","negative",6
"1048","seasoned","positive",6
"1049","sensational","positive",6
"1050","shine","positive",6
"1051","significant","positive",6
"1052","sincere","positive",6
"1053","smooth","positive",6
"1054","sophisticated","positive",6
"1055","strangest","negative",6
"1056","subjected","negative",6
"1057","succeeded","positive",6
"1058","successes","positive",6
"1059","sucked","negative",6
"1060","suicidal","negative",6
"1061","suitable","positive",6
"1062","supports","positive",6
"1063","suspicions","negative",6
"1064","temptation","negative",6
"1065","terrorize","negative",6
"1066","thrills","positive",6
"1067","thrive","positive",6
"1068","thriving","positive",6
"1069","treason","negative",6
"1070","triumphant","positive",6
"1071","tyrant","negative",6
"1072","uprising","negative",6
"1073","upset","negative",6
"1074","victory","positive",6
"1075","wildly","negative",6
"1076","worry","negative",6
"1077","wrestle","negative",6
"1078","accurate","positive",5
"1079","achievements","positive",5
"1080","adversary","negative",5
"1081","adversity","negative",5
"1082","alluring","positive",5
"1083","annoy","negative",5
"1084","approval","positive",5
"1085","approve","positive",5
"1086","arduous","negative",5
"1087","barren","negative",5
"1088","betray","negative",5
"1089","blame","negative",5
"1090","breakthrough","positive",5
"1091","bug","negative",5
"1092","bugs","negative",5
"1093","butcher","negative",5
"1094","capable","positive",5
"1095","champ","positive",5
"1096","charisma","positive",5
"1097","cheesy","negative",5
"1098","compassionate","positive",5
"1099","condemned","negative",5
"1100","conspiracies","negative",5
"1101","convenience","positive",5
"1102","covenant","positive",5
"1103","credible","positive",5
"1104","crushing","negative",5
"1105","culprit","negative",5
"1106","cutthroat","negative",5
"1107","debauchery","negative",5
"1108","decent","positive",5
"1109","defeats","positive",5
"1110","defiant","negative",5
"1111","dense","negative",5
"1112","desperation","negative",5
"1113","dire","negative",5
"1114","disrupt","negative",5
"1115","distraught","negative",5
"1116","dominate","positive",5
"1117","doom","negative",5
"1118","downfall","negative",5
"1119","drags","negative",5
"1120","dusty","negative",5
"1121","empathy","positive",5
"1122","empowerment","positive",5
"1123","enjoyable","positive",5
"1124","enthusiastic","positive",5
"1125","exhilarating","positive",5
"1126","extravagant","negative",5
"1127","failures","negative",5
"1128","fanatical","negative",5
"1129","feat","positive",5
"1130","fool","negative",5
"1131","fraught","negative",5
"1132","fright","negative",5
"1133","gaining","positive",5
"1134","galore","positive",5
"1135","gem","positive",5
"1136","grateful","positive",5
"1137","grudge","negative",5
"1138","hardy","positive",5
"1139","harm","negative",5
"1140","harmony","positive",5
"1141","heroically","positive",5
"1142","hostility","negative",5
"1143","hung","negative",5
"1144","hurts","negative",5
"1145","illicit","negative",5
"1146","imaginary","negative",5
"1147","imprisonment","negative",5
"1148","indifference","negative",5
"1149","inequality","negative",5
"1150","inevitably","negative",5
"1151","instrumental","positive",5
"1152","insult","negative",5
"1153","invincible","positive",5
"1154","irrepressible","negative",5
"1155","jaded","negative",5
"1156","jam","negative",5
"1157","jobless","negative",5
"1158","knife","negative",5
"1159","lean","positive",5
"1160","liberty","positive",5
"1161","limit","negative",5
"1162","loner","negative",5
"1163","majestic","positive",5
"1164","mesmerizing","positive",5
"1165","miraculously","positive",5
"1166","mundane","negative",5
"1167","murky","negative",5
"1168","nefarious","negative",5
"1169","negative","negative",5
"1170","neglected","negative",5
"1171","neurotic","negative",5
"1172","obstacle","negative",5
"1173","oppressive","negative",5
"1174","outrage","negative",5
"1175","overwhelmed","negative",5
"1176","painfully","negative",5
"1177","paranoid","negative",5
"1178","perfection","positive",5
"1179","peril","negative",5
"1180","persecution","negative",5
"1181","picturesque","positive",5
"1182","premier","positive",5
"1183","prolific","positive",5
"1184","promptly","positive",5
"1185","proper","positive",5
"1186","prosperous","positive",5
"1187","questionable","negative",5
"1188","reckless","negative",5
"1189","refusing","negative",5
"1190","regret","negative",5
"1191","resentment","negative",5
"1192","rift","negative",5
"1193","ripped","negative",5
"1194","risky","negative",5
"1195","rusty","negative",5
"1196","rut","negative",5
"1197","sacrificed","negative",5
"1198","scramble","negative",5
"1199","shadowy","negative",5
"1200","shatter","negative",5
"1201","sickly","negative",5
"1202","sink","negative",5
"1203","smash","negative",5
"1204","smiling","positive",5
"1205","spite","negative",5
"1206","splendor","positive",5
"1207","stable","positive",5
"1208","sticky","negative",5
"1209","stole","negative",5
"1210","strain","negative",5
"1211","struggled","negative",5
"1212","stunt","negative",5
"1213","supporting","positive",5
"1214","supportive","positive",5
"1215","supremacy","positive",5
"1216","surrender","negative",5
"1217","sustainable","positive",5
"1218","sweaty","negative",5
"1219","swindle","negative",5
"1220","tension","negative",5
"1221","thirst","negative",5
"1222","transparent","positive",5
"1223","underdog","negative",5
"1224","unrelenting","negative",5
"1225","unwanted","negative",5
"1226","unwilling","negative",5
"1227","uplifting","positive",5
"1228","useful","positive",5
"1229","valor","positive",5
"1230","venom","negative",5
"1231","vice","negative",5
"1232","vivacious","positive",5
"1233","warning","negative",5
"1234","weary","negative",5
"1235","winners","positive",5
"1236","wisdom","positive",5
"1237","woo","positive",5
"1238","accusations","negative",4
"1239","adore","positive",4
"1240","affluent","positive",4
"1241","ailing","negative",4
"1242","aimless","negative",4
"1243","alarming","negative",4
"1244","alienated","negative",4
"1245","allegations","negative",4
"1246","appreciate","positive",4
"1247","appropriate","positive",4
"1248","atrocities","negative",4
"1249","awarded","positive",4
"1250","awkwardness","negative",4
"1251","badly","negative",4
"1252","beggar","negative",4
"1253","blossom","positive",4
"1254","blur","negative",4
"1255","brainy","positive",4
"1256","brighter","positive",4
"1257","brute","negative",4
"1258","bump","negative",4
"1259","calamity","negative",4
"1260","catchy","positive",4
"1261","caustic","negative",4
"1262","chill","negative",4
"1263","cleaner","positive",4
"1264","clears","positive",4
"1265","confession","negative",4
"1266","conflicted","negative",4
"1267","cowardly","negative",4
"1268","crafty","negative",4
"1269","damned","negative",4
"1270","defender","positive",4
"1271","defensive","negative",4
"1272","delicate","positive",4
"1273","delightfully","positive",4
"1274","delinquent","negative",4
"1275","delusion","negative",4
"1276","devout","positive",4
"1277","difficulty","negative",4
"1278","dignity","positive",4
"1279","diplomatic","positive",4
"1280","disappointed","negative",4
"1281","dismay","negative",4
"1282","distinctive","positive",4
"1283","distinguished","positive",4
"1284","distress","negative",4
"1285","distressed","negative",4
"1286","drastic","negative",4
"1287","drought","negative",4
"1288","embarrassing","negative",4
"1289","entertains","positive",4
"1290","enthusiasm","positive",4
"1291","envy","positive",4
"1292","error","negative",4
"1293","errors","negative",4
"1294","exhaustion","negative",4
"1295","expertly","positive",4
"1296","exploit","negative",4
"1297","extermination","negative",4
"1298","extort","negative",4
"1299","faithful","positive",4
"1300","fanatics","negative",4
"1301","fearful","negative",4
"1302","fleeing","negative",4
"1303","fond","positive",4
"1304","fondly","positive",4
"1305","frantic","negative",4
"1306","freaks","negative",4
"1307","freed","positive",4
"1308","ghetto","negative",4
"1309","grim","negative",4
"1310","gross","negative",4
"1311","hail","positive",4
"1312","harassment","negative",4
"1313","harbors","negative",4
"1314","hardship","negative",4
"1315","hastily","negative",4
"1316","hazy","negative",4
"1317","hefty","negative",4
"1318","hollow","negative",4
"1319","hopelessly","negative",4
"1320","horrified","negative",4
"1321","humiliating","negative",4
"1322","illegitimate","negative",4
"1323","illusion","negative",4
"1324","immature","negative",4
"1325","impressed","positive",4
"1326","impressive","positive",4
"1327","improbable","negative",4
"1328","incompetent","negative",4
"1329","inept","negative",4
"1330","inexperienced","negative",4
"1331","inextricably","negative",4
"1332","insulted","negative",4
"1333","integral","positive",4
"1334","intolerance","negative",4
"1335","irresistible","positive",4
"1336","joyous","positive",4
"1337","junk","negative",4
"1338","lawless","negative",4
"1339","lecherous","negative",4
"1340","liberation","positive",4
"1341","lied","negative",4
"1342","liked","positive",4
"1343","loveless","negative",4
"1344","lowly","negative",4
"1345","lush","positive",4
"1346","maniacal","negative",4
"1347","manipulation","negative",4
"1348","marvelous","positive",4
"1349","meaningful","positive",4
"1350","merry","positive",4
"1351","meticulous","positive",4
"1352","miraculous","positive",4
"1353","missed","negative",4
"1354","misunderstanding","negative",4
"1355","muddy","negative",4
"1356","needy","negative",4
"1357","noble","positive",4
"1358","obese","negative",4
"1359","obsessions","positive",4
"1360","offender","negative",4
"1361","offensive","negative",4
"1362","oppression","negative",4
"1363","outrageously","negative",4
"1364","overdue","negative",4
"1365","overthrow","negative",4
"1366","pan","negative",4
"1367","phony","negative",4
"1368","pinnacle","positive",4
"1369","pity","negative",4
"1370","pleased","positive",4
"1371","poetic","positive",4
"1372","praise","positive",4
"1373","predatory","negative",4
"1374","predicament","negative",4
"1375","primitive","negative",4
"1376","privilege","positive",4
"1377","privileged","positive",4
"1378","progressive","positive",4
"1379","propaganda","negative",4
"1380","pros","positive",4
"1381","rapture","positive",4
"1382","refreshed","positive",4
"1383","relief","positive",4
"1384","renewed","positive",4
"1385","renown","positive",4
"1386","resigned","negative",4
"1387","respectable","positive",4
"1388","revival","positive",4
"1389","revolutionized","positive",4
"1390","rip","negative",4
"1391","ruining","negative",4
"1392","savings","positive",4
"1393","scratch","negative",4
"1394","selfish","negative",4
"1395","shame","negative",4
"1396","shipwreck","negative",4
"1397","shockingly","negative",4
"1398","sin","negative",4
"1399","slaves","negative",4
"1400","smitten","positive",4
"1401","stellar","positive",4
"1402","strained","negative",4
"1403","superstition","negative",4
"1404","supported","positive",4
"1405","taboo","negative",4
"1406","terrorism","negative",4
"1407","thoughtful","positive",4
"1408","thrilled","positive",4
"1409","torment","negative",4
"1410","treachery","negative",4
"1411","trophy","positive",4
"1412","trumpet","positive",4
"1413","unconditional","positive",4
"1414","unfamiliar","negative",4
"1415","unfit","negative",4
"1416","unlimited","positive",4
"1417","unorthodox","negative",4
"1418","unparalleled","positive",4
"1419","uproarious","negative",4
"1420","upscale","positive",4
"1421","violently","negative",4
"1422","weakness","negative",4
"1423","wondrous","positive",4
"1424","wreck","negative",4
"1425","wrongly","negative",4
"1426","youthful","positive",4
"1427","abnormal","negative",3
"1428","abound","positive",3
"1429","acclaim","positive",3
"1430","acerbic","negative",3
"1431","addicts","negative",3
"1432","adored","positive",3
"1433","adoring","positive",3
"1434","affordable","positive",3
"1435","allergic","negative",3
"1436","anarchy","negative",3
"1437","animosity","negative",3
"1438","annoyed","negative",3
"1439","anxieties","negative",3
"1440","appeal","positive",3
"1441","arrogance","negative",3
"1442","astounding","positive",3
"1443","backbone","positive",3
"1444","baffled","negative",3
"1445","bankrupt","negative",3
"1446","bargain","positive",3
"1447","beset","negative",3
"1448","betrays","negative",3
"1449","blah","negative",3
"1450","blistering","negative",3
"1451","blunders","negative",3
"1452","boil","negative",3
"1453","boredom","negative",3
"1454","boundless","positive",3
"1455","brat","negative",3
"1456","bravo","positive",3
"1457","brightest","positive",3
"1458","brilliance","positive",3
"1459","brilliantly","positive",3
"1460","buckle","negative",3
"1461","bumps","negative",3
"1462","burden","negative",3
"1463","calamities","negative",3
"1464","capability","positive",3
"1465","cataclysmic","negative",3
"1466","cautionary","negative",3
"1467","cloud","negative",3
"1468","clueless","negative",3
"1469","compulsive","negative",3
"1470","concern","negative",3
"1471","confined","negative",3
"1472","conspire","negative",3
"1473","contend","negative",3
"1474","coolest","positive",3
"1475","courageously","positive",3
"1476","cracks","negative",3
"1477","craziness","negative",3
"1478","criticisms","negative",3
"1479","cruelly","negative",3
"1480","crumble","negative",3
"1481","cushy","positive",3
"1482","cynicism","negative",3
"1483","daunting","negative",3
"1484","debilitating","negative",3
"1485","deceptive","negative",3
"1486","deceptively","negative",3
"1487","defeated","positive",3
"1488","delayed","negative",3
"1489","delusional","negative",3
"1490","denial","negative",3
"1491","deny","negative",3
"1492","disappoint","negative",3
"1493","disarray","negative",3
"1494","discredit","negative",3
"1495","disgrace","negative",3
"1496","disgruntled","negative",3
"1497","displaced","negative",3
"1498","dissatisfied","negative",3
"1499","distorted","negative",3
"1500","doomsday","negative",3
"1501","drones","negative",3
"1502","drowning","negative",3
"1503","dumps","negative",3
"1504","dungeon","negative",3
"1505","elan","positive",3
"1506","embarrassment","negative",3
"1507","eminent","positive",3
"1508","endearing","positive",3
"1509","enlightenment","positive",3
"1510","enraged","negative",3
"1511","envious","negative",3
"1512","envious","positive",3
"1513","excessive","negative",3
"1514","exploitation","negative",3
"1515","exuberant","positive",3
"1516","famously","positive",3
"1517","farce","negative",3
"1518","fascination","positive",3
"1519","fatally","negative",3
"1520","fatefully","negative",3
"1521","flair","negative",3
"1522","flourish","positive",3
"1523","forged","negative",3
"1524","frantically","negative",3
"1525","freezing","negative",3
"1526","frost","negative",3
"1527","frustrations","negative",3
"1528","futuristic","positive",3
"1529","fuzzy","negative",3
"1530","gasp","negative",3
"1531","generous","positive",3
"1532","ghastly","negative",3
"1533","glee","positive",3
"1534","glimmer","positive",3
"1535","goon","negative",3
"1536","gossip","negative",3
"1537","grapple","negative",3
"1538","hale","positive",3
"1539","hangs","negative",3
"1540","harden","negative",3
"1541","harmless","positive",3
"1542","haywire","negative",3
"1543","hideous","negative",3
"1544","horde","negative",3
"1545","hum","negative",3
"1546","hustler","negative",3
"1547","illuminati","positive",3
"1548","illusions","negative",3
"1549","illustrious","positive",3
"1550","impaired","negative",3
"1551","impulsively","negative",3
"1552","ingenuity","positive",3
"1553","insidious","negative",3
"1554","intricate","positive",3
"1555","inventive","positive",3
"1556","irreversible","negative",3
"1557","junkyard","negative",3
"1558","kooky","negative",3
"1559","lacking","negative",3
"1560","lemon","negative",3
"1561","liberate","positive",3
"1562","liking","positive",3
"1563","longing","negative",3
"1564","losers","negative",3
"1565","lovelorn","negative",3
"1566","lucid","positive",3
"1567","lull","negative",3
"1568","lyrical","positive",3
"1569","madman","negative",3
"1570","mania","negative",3
"1571","manic","negative",3
"1572","marvel","positive",3
"1573","mediocre","negative",3
"1574","menacing","negative",3
"1575","misses","negative",3
"1576","mocks","negative",3
"1577","molestation","negative",3
"1578","motivated","positive",3
"1579","mourn","negative",3
"1580","nasty","negative",3
"1581","notoriety","negative",3
"1582","obnoxious","negative",3
"1583","onslaught","negative",3
"1584","oppose","negative",3
"1585","outcast","negative",3
"1586","outsmart","positive",3
"1587","overbearing","negative",3
"1588","overweight","negative",3
"1589","partisan","negative",3
"1590","patience","positive",3
"1591","patriotic","positive",3
"1592","penalty","negative",3
"1593","perfectly","positive",3
"1594","polished","positive",3
"1595","precarious","negative",3
"1596","prejudices","negative",3
"1597","profoundly","positive",3
"1598","prominence","positive",3
"1599","prosperity","positive",3
"1600","protests","negative",3
"1601","proven","positive",3
"1602","quack","negative",3
"1603","recommended","positive",3
"1604","reconciliation","positive",3
"1605","regrets","negative",3
"1606","reject","negative",3
"1607","relapse","negative",3
"1608","remedy","positive",3
"1609","renaissance","positive",3
"1610","resentful","negative",3
"1611","resourceful","positive",3
"1612","rightful","positive",3
"1613","romantically","positive",3
"1614","ruffian","negative",3
"1615","savior","positive",3
"1616","scarred","negative",3
"1617","scrap","negative",3
"1618","screwed","negative",3
"1619","senseless","negative",3
"1620","serene","positive",3
"1621","shortcomings","negative",3
"1622","shrouded","negative",3
"1623","slime","negative",3
"1624","smarter","positive",3
"1625","smell","negative",3
"1626","snobby","negative",3
"1627","sober","negative",3
"1628","sour","negative",3
"1629","sparkling","positive",3
"1630","spewing","negative",3
"1631","stigma","negative",3
"1632","sting","negative",3
"1633","stressful","negative",3
"1634","strictly","negative",3
"1635","strife","negative",3
"1636","strongest","positive",3
"1637","stunned","positive",3
"1638","stunningly","positive",3
"1639","stylized","positive",3
"1640","succumb","negative",3
"1641","tangle","negative",3
"1642","tangles","negative",3
"1643","tease","negative",3
"1644","tenacious","positive",3
"1645","tender","positive",3
"1646","tenuous","negative",3
"1647","tingling","negative",3
"1648","tragically","negative",3
"1649","tramp","negative",3
"1650","tranquil","positive",3
"1651","tranquility","positive",3
"1652","tricked","negative",3
"1653","tricky","negative",3
"1654","troublesome","negative",3
"1655","troubling","negative",3
"1656","tumble","negative",3
"1657","tyranny","negative",3
"1658","ultimatum","negative",3
"1659","uncomfortable","negative",3
"1660","uneasy","negative",3
"1661","unethical","negative",3
"1662","unfinished","negative",3
"1663","unfriendly","negative",3
"1664","unfulfilled","negative",3
"1665","unity","positive",3
"1666","unjust","negative",3
"1667","unlucky","negative",3
"1668","unnatural","negative",3
"1669","unpopular","negative",3
"1670","unprepared","negative",3
"1671","unquestionable","positive",3
"1672","unrest","negative",3
"1673","unsettled","negative",3
"1674","unsuccessfully","negative",3
"1675","unsure","negative",3
"1676","upheaval","negative",3
"1677","vain","negative",3
"1678","valiant","positive",3
"1679","vile","negative",3
"1680","weed","negative",3
"1681","wickedly","negative",3
"1682","womanizer","negative",3
"1683","worries","negative",3
"1684","worsen","negative",3
"1685","worthless","negative",3
"1686","wreak","negative",3
"1687","wreaks","negative",3
"1688","abominable","negative",2
"1689","absurdity","negative",2
"1690","abundance","positive",2
"1691","accomplishments","positive",2
"1692","admiration","positive",2
"1693","admirer","positive",2
"1694","adulteration","negative",2
"1695","adverse","negative",2
"1696","advocate","positive",2
"1697","advocates","positive",2
"1698","affable","positive",2
"1699","affectionate","positive",2
"1700","aggression","negative",2
"1701","agony","negative",2
"1702","aloof","negative",2
"1703","ambiguous","negative",2
"1704","amiable","positive",2
"1705","amiss","negative",2
"1706","anomaly","negative",2
"1707","antagonist","negative",2
"1708","anxiously","negative",2
"1709","appalling","negative",2
"1710","appealing","positive",2
"1711","archaic","negative",2
"1712","aspire","positive",2
"1713","atrocious","negative",2
"1714","audacious","negative",2
"1715","authoritarian","negative",2
"1716","authoritative","positive",2
"1717","avid","positive",2
"1718","ax","negative",2
"1719","balanced","positive",2
"1720","barbaric","negative",2
"1721","beckons","positive",2
"1722","belligerent","negative",2
"1723","betrayals","negative",2
"1724","biases","negative",2
"1725","bickering","negative",2
"1726","bigotry","negative",2
"1727","bitterly","negative",2
"1728","bitterness","negative",2
"1729","bliss","positive",2
"1730","bloom","positive",2
"1731","blunt","negative",2
"1732","blurs","negative",2
"1733","boiling","negative",2
"1734","bombastic","negative",2
"1735","bothered","negative",2
"1736","bravado","negative",2
"1737","busts","negative",2
"1738","captivate","positive",2
"1739","catastrophically","negative",2
"1740","celebratory","positive",2
"1741","charmingly","positive",2
"1742","cherished","positive",2
"1743","childish","negative",2
"1744","classy","positive",2
"1745","clearly","positive",2
"1746","cleverly","positive",2
"1747","clique","negative",2
"1748","cocky","negative",2
"1749","coerce","negative",2
"1750","conceited","negative",2
"1751","confessions","negative",2
"1752","conscientious","positive",2
"1753","consistently","positive",2
"1754","consummate","positive",2
"1755","contagious","negative",2
"1756","contamination","negative",2
"1757","cornerstone","positive",2
"1758","correctly","positive",2
"1759","corrupted","negative",2
"1760","coward","negative",2
"1761","cramped","negative",2
"1762","creeps","negative",2
"1763","crippling","negative",2
"1764","crude","negative",2
"1765","cruelty","negative",2
"1766","damaging","negative",2
"1767","damnation","negative",2
"1768","damning","negative",2
"1769","darken","negative",2
"1770","darling","positive",2
"1771","daze","negative",2
"1772","deadbeat","negative",2
"1773","declining","negative",2
"1774","defective","negative",2
"1775","dejected","negative",2
"1776","delay","negative",2
"1777","denies","negative",2
"1778","deprived","negative",2
"1779","despot","negative",2
"1780","devastation","negative",2
"1781","diametrically","negative",2
"1782","diligence","positive",2
"1783","diligently","positive",2
"1784","dim","negative",2
"1785","disagreement","negative",2
"1786","disappointment","negative",2
"1787","disapproval","negative",2
"1788","discontent","negative",2
"1789","discord","negative",2
"1790","disgust","negative",2
"1791","disgusted","negative",2
"1792","disprove","negative",2
"1793","disruption","negative",2
"1794","dissolution","negative",2
"1795","distract","negative",2
"1796","disturbance","negative",2
"1797","dope","negative",2
"1798","downhill","negative",2
"1799","dragging","negative",2
"1800","drain","negative",2
"1801","dread","negative",2
"1802","dreadful","negative",2
"1803","dull","negative",2
"1804","dwindling","negative",2
"1805","earnest","positive",2
"1806","economical","positive",2
"1807","effectively","positive",2
"1808","elegantly","positive",2
"1809","elimination","negative",2
"1810","emptiness","negative",2
"1811","enchantingly","positive",2
"1812","endanger","negative",2
"1813","engrossing","positive",2
"1814","engulf","negative",2
"1815","enjoyed","positive",2
"1816","entangle","negative",2
"1817","entice","positive",2
"1818","enticing","positive",2
"1819","erratic","negative",2
"1820","ethical","positive",2
"1821","everlasting","positive",2
"1822","evils","negative",2
"1823","evocative","positive",2
"1824","exceptionally","positive",2
"1825","excuses","negative",2
"1826","explode","negative",2
"1827","faint","negative",2
"1828","fairly","positive",2
"1829","famine","negative",2
"1830","fanatic","negative",2
"1831","fancy","positive",2
"1832","fantastically","positive",2
"1833","fault","negative",2
"1834","faults","negative",2
"1835","favor","positive",2
"1836","favour","positive",2
"1837","felicity","positive",2
"1838","filthy","negative",2
"1839","flaws","negative",2
"1840","flimsy","negative",2
"1841","flourishing","positive",2
"1842","fooled","negative",2
"1843","fortunate","positive",2
"1844","freeze","negative",2
"1845","frenetic","negative",2
"1846","frenzy","negative",2
"1847","frigid","negative",2
"1848","fulfillment","positive",2
"1849","furiously","negative",2
"1850","fussy","negative",2
"1851","geeky","positive",2
"1852","glitter","positive",2
"1853","gloom","negative",2
"1854","glowing","positive",2
"1855","gratitude","positive",2
"1856","greasy","negative",2
"1857","greatness","positive",2
"1858","grind","negative",2
"1859","hack","negative",2
"1860","hacks","negative",2
"1861","handicapped","negative",2
"1862","handy","positive",2
"1863","harassed","negative",2
"1864","harmonious","positive",2
"1865","harrow","negative",2
"1866","hated","negative",2
"1867","hating","negative",2
"1868","hazard","negative",2
"1869","hazardous","negative",2
"1870","headaches","negative",2
"1871","heartless","negative",2
"1872","hoard","negative",2
"1873","honorable","positive",2
"1874","honoring","positive",2
"1875","hurting","negative",2
"1876","ignorance","negative",2
"1877","illiterate","negative",2
"1878","impatient","negative",2
"1879","impolite","negative",2
"1880","impossibly","negative",2
"1881","improved","positive",2
"1882","improving","positive",2
"1883","impulsive","negative",2
"1884","inarticulate","negative",2
"1885","incompetence","negative",2
"1886","inconceivable","negative",2
"1887","incorrigible","negative",2
"1888","indebted","positive",2
"1889","inescapable","negative",2
"1890","inexpensive","positive",2
"1891","inexperience","negative",2
"1892","infection","negative",2
"1893","inflammation","negative",2
"1894","injustices","negative",2
"1895","innovation","positive",2
"1896","instability","negative",2
"1897","insults","negative",2
"1898","interrupt","negative",2
"1899","involuntarily","negative",2
"1900","ironic","negative",2
"1901","irresistibly","positive",2
"1902","joker","negative",2
"1903","jolly","positive",2
"1904","jovial","positive",2
"1905","lackeys","negative",2
"1906","lapse","negative",2
"1907","lengthy","negative",2
"1908","lewd","negative",2
"1909","lifeless","negative",2
"1910","limitations","negative",2
"1911","loathing","negative",2
"1912","lunatic","negative",2
"1913","lurk","negative",2
"1914","malevolence","negative",2
"1915","maniac","negative",2
"1916","marvels","positive",2
"1917","masterful","positive",2
"1918","masterpieces","positive",2
"1919","mature","positive",2
"1920","melancholy","negative",2
"1921","mercilessly","negative",2
"1922","meticulously","positive",2
"1923","miscreants","negative",2
"1924","misguided","negative",2
"1925","mishap","negative",2
"1926","mists","negative",2
"1927","misunderstood","negative",2
"1928","molest","negative",2
"1929","moody","negative",2
"1930","neat","positive",2
"1931","neglect","negative",2
"1932","nonexistent","negative",2
"1933","oasis","positive",2
"1934","objections","negative",2
"1935","obscene","negative",2
"1936","obstructed","negative",2
"1937","oddities","negative",2
"1938","oddly","negative",2
"1939","overtake","positive",2
"1940","overzealous","negative",2
"1941","pauper","negative",2
"1942","payback","negative",2
"1943","peacefully","positive",2
"1944","pep","positive",2
"1945","permissible","positive",2
"1946","perplexing","negative",2
"1947","phobia","negative",2
"1948","phobic","negative",2
"1949","pigs","negative",2
"1950","pinch","negative",2
"1951","pleasant","positive",2
"1952","pleasing","positive",2
"1953","poised","positive",2
"1954","polite","positive",2
"1955","poorest","negative",2
"1956","positively","positive",2
"1957","prefers","positive",2
"1958","pricey","negative",2
"1959","problematic","negative",2
"1960","prodigious","positive",2
"1961","productive","positive",2
"1962","profane","negative",2
"1963","properly","positive",2
"1964","prowess","positive",2
"1965","punish","negative",2
"1966","puzzled","negative",2
"1967","puzzling","negative",2
"1968","qualify","positive",2
"1969","rabid","negative",2
"1970","radically","negative",2
"1971","randomly","negative",2
"1972","rascal","negative",2
"1973","rational","positive",2
"1974","recession","negative",2
"1975","redeeming","positive",2
"1976","refined","positive",2
"1977","refreshing","positive",2
"1978","refused","negative",2
"1979","regal","positive",2
"1980","regard","positive",2
"1981","rejecting","negative",2
"1982","rejuvenating","positive",2
"1983","remarkably","positive",2
"1984","resourcefulness","positive",2
"1985","restricted","negative",2
"1986","retaliate","negative",2
"1987","revitalize","positive",2
"1988","rewarding","positive",2
"1989","rightfully","positive",2
"1990","rosy","positive",2
"1991","rude","negative",2
"1992","rumor","negative",2
"1993","ruthlessness","negative",2
"1994","sack","negative",2
"1995","sadly","negative",2
"1996","salute","positive",2
"1997","satirical","negative",2
"1998","satisfy","positive",2
"1999","satisfying","positive",2
"2000","scars","negative",2
"2001","seamless","positive",2
"2002","seething","negative",2
"2003","selfishness","negative",2
"2004","shaky","negative",2
"2005","shiny","positive",2
"2006","shunned","negative",2
"2007","sickness","negative",2
"2008","sketchy","negative",2
"2009","slap","negative",2
"2010","slaughtered","negative",2
"2011","sleazy","negative",2
"2012","sloth","negative",2
"2013","smartest","positive",2
"2014","smells","negative",2
"2015","smelly","negative",2
"2016","smoothly","positive",2
"2017","snob","negative",2
"2018","solidarity","positive",2
"2019","soothe","positive",2
"2020","sorrow","negative",2
"2021","soulful","positive",2
"2022","sparkle","positive",2
"2023","spectacularly","positive",2
"2024","spews","negative",2
"2025","splitting","negative",2
"2026","spoil","negative",2
"2027","spontaneous","positive",2
"2028","sporty","positive",2
"2029","staid","negative",2
"2030","stalls","negative",2
"2031","standout","positive",2
"2032","standstill","negative",2
"2033","staunch","positive",2
"2034","steady","positive",2
"2035","steep","negative",2
"2036","straighten","positive",2
"2037","strenuous","negative",2
"2038","stuffy","negative",2
"2039","stupidity","negative",2
"2040","sublime","positive",2
"2041","suck","negative",2
"2042","sullen","negative",2
"2043","sumptuous","positive",2
"2044","superb","positive",2
"2045","superstitious","negative",2
"2046","suppress","negative",2
"2047","surpass","positive",2
"2048","swanky","positive",2
"2049","swift","positive",2
"2050","symptoms","negative",2
"2051","taunts","negative",2
"2052","taut","negative",2
"2053","tawdry","negative",2
"2054","temper","negative",2
"2055","tempting","positive",2
"2056","threesome","negative",2
"2057","tidy","positive",2
"2058","togetherness","positive",2
"2059","torturous","negative",2
"2060","tougher","positive",2
"2061","trash","negative",2
"2062","tremendously","positive",2
"2063","trendy","positive",2
"2064","trickery","negative",2
"2065","trusty","positive",2
"2066","tyrannical","negative",2
"2067","ulterior","negative",2
"2068","unacceptable","negative",2
"2069","unbelievably","negative",2
"2070","uncertain","negative",2
"2071","underestimate","negative",2
"2072","undone","negative",2
"2073","unfairly","negative",2
"2074","unfaithful","negative",2
"2075","unhealthy","negative",2
"2076","unjustly","negative",2
"2077","unmatched","positive",2
"2078","unnoticed","negative",2
"2079","unpleasant","negative",2
"2080","unrealistic","negative",2
"2081","unreliable","negative",2
"2082","unsafe","negative",2
"2083","unsavory","negative",2
"2084","untouched","negative",2
"2085","unusually","negative",2
"2086","unwillingly","negative",2
"2087","upgraded","positive",2
"2088","upliftment","positive",2
"2089","upsets","negative",2
"2090","useless","negative",2
"2091","utterly","negative",2
"2092","vehemently","negative",2
"2093","veritable","positive",2
"2094","versatility","positive",2
"2095","vindictive","negative",2
"2096","violation","negative",2
"2097","virtuous","positive",2
"2098","wary","negative",2
"2099","weaker","negative",2
"2100","wily","negative",2
"2101","womanizing","negative",2
"2102","worn","negative",2
"2103","worrying","negative",2
"2104","wrangle","negative",2
"2105","wretched","negative",2
"2106","abuses","negative",1
"2107","accolade","positive",1
"2108","accuse","negative",1
"2109","accuses","negative",1
"2110","achievement","positive",1
"2111","acumen","positive",1
"2112","adaptable","positive",1
"2113","addicting","negative",1
"2114","admirable","positive",1
"2115","advantages","positive",1
"2116","advocated","positive",1
"2117","aggravation","negative",1
"2118","agile","positive",1
"2119","agonizing","negative",1
"2120","ailment","negative",1
"2121","alarm","negative",1
"2122","alarmed","negative",1
"2123","allegation","negative",1
"2124","allege","negative",1
"2125","altercation","negative",1
"2126","amazed","positive",1
"2127","amazes","positive",1
"2128","amazingly","positive",1
"2129","ambivalence","negative",1
"2130","ambush","negative",1
"2131","amicable","positive",1
"2132","amicably","positive",1
"2133","ample","positive",1
"2134","amputate","negative",1
"2135","amuse","positive",1
"2136","anarchist","negative",1
"2137","angelic","positive",1
"2138","annihilate","negative",1
"2139","antiquated","negative",1
"2140","apathetic","negative",1
"2141","apathy","negative",1
"2142","applaud","positive",1
"2143","appreciated","positive",1
"2144","apprehension","negative",1
"2145","ardent","positive",1
"2146","ashamed","negative",1
"2147","aspiration","positive",1
"2148","assurance","positive",1
"2149","audaciously","negative",1
"2150","austere","negative",1
"2151","autonomous","positive",1
"2152","avalanche","negative",1
"2153","aversion","negative",1
"2154","awesomely","positive",1
"2155","backward","negative",1
"2156","backwoods","negative",1
"2157","baffling","negative",1
"2158","bait","negative",1
"2159","barbarian","negative",1
"2160","bash","negative",1
"2161","bastard","negative",1
"2162","beauteous","positive",1
"2163","beckoning","positive",1
"2164","beg","negative",1
"2165","begging","negative",1
"2166","belated","negative",1
"2167","belie","negative",1
"2168","beneficial","positive",1
"2169","beware","negative",1
"2170","bewildered","negative",1
"2171","bewilderment","negative",1
"2172","biased","negative",1
"2173","bicker","negative",1
"2174","bitingly","negative",1
"2175","blasted","negative",1
"2176","bleed","negative",1
"2177","blessing","positive",1
"2178","blinding","negative",1
"2179","blundering","negative",1
"2180","blurring","negative",1
"2181","boastful","negative",1
"2182","bogus","negative",1
"2183","boisterous","negative",1
"2184","booming","positive",1
"2185","bore","negative",1
"2186","bores","negative",1
"2187","bother","negative",1
"2188","bothersome","negative",1
"2189","bountiful","positive",1
"2190","boycott","negative",1
"2191","brazen","negative",1
"2192","brazenly","negative",1
"2193","breach","negative",1
"2194","breakups","negative",1
"2195","breathtakingly","positive",1
"2196","brimstone","negative",1
"2197","brittle","negative",1
"2198","brotherly","positive",1
"2199","brutalizing","negative",1
"2200","bs","negative",1
"2201","buggy","negative",1
"2202","bumping","negative",1
"2203","bungling","negative",1
"2204","buzzing","negative",1
"2205","callous","negative",1
"2206","capricious","negative",1
"2207","caricature","negative",1
"2208","carp","negative",1
"2209","chagrin","negative",1
"2210","chatter","negative",1
"2211","cheater","negative",1
"2212","cherish","positive",1
"2213","chic","positive",1
"2214","chilly","negative",1
"2215","chivalry","positive",1
"2216","choke","negative",1
"2217","chore","negative",1
"2218","chronic","negative",1
"2219","chunky","negative",1
"2220","civilize","positive",1
"2221","clamorous","negative",1
"2222","clarity","positive",1
"2223","cleanest","positive",1
"2224","cleanliness","positive",1
"2225","cliche","negative",1
"2226","clogged","negative",1
"2227","clouding","negative",1
"2228","coercion","negative",1
"2229","comforting","positive",1
"2230","compatible","positive",1
"2231","complains","negative",1
"2232","complementary","positive",1
"2233","compliant","positive",1
"2234","complication","negative",1
"2235","compliment","positive",1
"2236","concerns","negative",1
"2237","conflicting","negative",1
"2238","confrontational","negative",1
"2239","congenial","positive",1
"2240","congested","negative",1
"2241","consistent","positive",1
"2242","contaminated","negative",1
"2243","contempt","negative",1
"2244","contentious","negative",1
"2245","contentment","positive",1
"2246","contradict","negative",1
"2247","contradiction","negative",1
"2248","contribution","positive",1
"2249","contrived","negative",1
"2250","corrosive","negative",1
"2251","costly","negative",1
"2252","cranky","negative",1
"2253","crap","negative",1
"2254","craven","negative",1
"2255","craze","negative",1
"2256","crazily","negative",1
"2257","creep","negative",1
"2258","crisp","positive",1
"2259","criticized","negative",1
"2260","crowded","negative",1
"2261","crushed","negative",1
"2262","damper","negative",1
"2263","darkened","negative",1
"2264","dastardly","negative",1
"2265","dazed","negative",1
"2266","dazzle","positive",1
"2267","deadlock","negative",1
"2268","debatable","negative",1
"2269","decadence","negative",1
"2270","decadent","negative",1
"2271","decay","negative",1
"2272","deceitful","negative",1
"2273","deceive","negative",1
"2274","deceiving","negative",1
"2275","decisive","positive",1
"2276","declines","negative",1
"2277","decrepit","negative",1
"2278","defame","negative",1
"2279","defects","negative",1
"2280","defiance","negative",1
"2281","deficiencies","negative",1
"2282","defrauding","negative",1
"2283","deft","positive",1
"2284","degenerate","negative",1
"2285","degeneration","negative",1
"2286","delicacy","positive",1
"2287","delighted","positive",1
"2288","delinquency","negative",1
"2289","delirious","negative",1
"2290","deluded","negative",1
"2291","delusions","negative",1
"2292","deplorable","negative",1
"2293","depressing","negative",1
"2294","desertion","negative",1
"2295","deserving","positive",1
"2296","desirable","positive",1
"2297","desirous","positive",1
"2298","despicable","negative",1
"2299","despondent","negative",1
"2300","destroyer","negative",1
"2301","deter","negative",1
"2302","deteriorate","negative",1
"2303","deteriorating","negative",1
"2304","detrimental","negative",1
"2305","devastate","negative",1
"2306","devastates","negative",1
"2307","devilish","negative",1
"2308","devilishly","negative",1
"2309","devoid","negative",1
"2310","dictatorial","negative",1
"2311","diligent","positive",1
"2312","din","negative",1
"2313","ding","negative",1
"2314","dirtbag","negative",1
"2315","disabled","negative",1
"2316","disadvantage","negative",1
"2317","disagree","negative",1
"2318","disappointing","negative",1
"2319","disappointments","negative",1
"2320","disappoints","negative",1
"2321","disarm","negative",1
"2322","discouraging","negative",1
"2323","discriminatory","negative",1
"2324","disgusting","negative",1
"2325","dishonest","negative",1
"2326","disintegration","negative",1
"2327","disinterest","negative",1
"2328","disinterested","negative",1
"2329","dislike","negative",1
"2330","dismal","negative",1
"2331","disobedient","negative",1
"2332","disobey","negative",1
"2333","dispirited","negative",1
"2334","disquiet","negative",1
"2335","disrespect","negative",1
"2336","disrespecting","negative",1
"2337","disruptive","negative",1
"2338","dissent","negative",1
"2339","distinction","positive",1
"2340","distracting","negative",1
"2341","distrust","negative",1
"2342","divergent","negative",1
"2343","dominates","positive",1
"2344","domineering","negative",1
"2345","douchebag","negative",1
"2346","downsides","negative",1
"2347","drab","negative",1
"2348","draconian","negative",1
"2349","drains","negative",1
"2350","dripping","negative",1
"2351","dungeons","negative",1
"2352","durable","positive",1
"2353","ecstasy","positive",1
"2354","ecstatic","positive",1
"2355","effortless","positive",1
"2356","egocentric","negative",1
"2357","elevate","positive",1
"2358","embarrass","negative",1
"2359","enchant","positive",1
"2360","encouragement","positive",1
"2361","encouraging","positive",1
"2362","encroachment","negative",1
"2363","enhances","positive",1
"2364","enjoyment","positive",1
"2365","enlighten","positive",1
"2366","enmity","negative",1
"2367","enraptured","positive",1
"2368","enrich","positive",1
"2369","enterprising","positive",1
"2370","enthralled","positive",1
"2371","entranced","positive",1
"2372","entrust","positive",1
"2373","enviable","positive",1
"2374","erodes","negative",1
"2375","erratically","negative",1
"2376","eruptions","negative",1
"2377","eventful","positive",1
"2378","exasperating","negative",1
"2379","exceed","positive",1
"2380","exceeds","positive",1
"2381","excels","positive",1
"2382","excitedly","positive",1
"2383","excitingly","positive",1
"2384","exhort","negative",1
"2385","exonerate","positive",1
"2386","expansive","positive",1
"2387","expel","negative",1
"2388","exquisite","positive",1
"2389","exquisitely","positive",1
"2390","exterminate","negative",1
"2391","extortion","negative",1
"2392","extraordinarily","positive",1
"2393","fabulously","positive",1
"2394","fairness","positive",1
"2395","faithfulness","positive",1
"2396","fallout","negative",1
"2397","farcical","negative",1
"2398","fastidious","negative",1
"2399","fatalistic","negative",1
"2400","fav","positive",1
"2401","fave","positive",1
"2402","fearsome","negative",1
"2403","ferociously","negative",1
"2404","ferocity","negative",1
"2405","fertile","positive",1
"2406","fervent","positive",1
"2407","fervor","positive",1
"2408","feverish","negative",1
"2409","fickle","negative",1
"2410","fidelity","positive",1
"2411","fiendish","negative",1
"2412","finely","positive",1
"2413","finer","positive",1
"2414","flagging","negative",1
"2415","flare","negative",1
"2416","flashy","positive",1
"2417","flaw","negative",1
"2418","flawed","negative",1
"2419","fleeting","negative",1
"2420","flexible","positive",1
"2421","flirt","negative",1
"2422","floundering","negative",1
"2423","fluent","positive",1
"2424","foolproof","positive",1
"2425","forbidding","negative",1
"2426","forfeit","negative",1
"2427","forsaken","negative",1
"2428","fortitude","positive",1
"2429","fortuitous","positive",1
"2430","fortunately","positive",1
"2431","fractious","negative",1
"2432","fracture","negative",1
"2433","fragmented","negative",1
"2434","freedoms","positive",1
"2435","freezes","negative",1
"2436","frenzied","negative",1
"2437","friction","negative",1
"2438","fried","negative",1
"2439","frightful","negative",1
"2440","frolic","positive",1
"2441","fruitless","negative",1
"2442","fumes","negative",1
"2443","funky","negative",1
"2444","fuss","negative",1
"2445","futile","negative",1
"2446","gallantly","positive",1
"2447","gauche","negative",1
"2448","generosity","positive",1
"2449","gladden","positive",1
"2450","gladly","positive",1
"2451","glare","negative",1
"2452","gleefully","positive",1
"2453","glitz","positive",1
"2454","gloomy","negative",1
"2455","godlike","positive",1
"2456","goodness","positive",1
"2457","grainy","negative",1
"2458","grandeur","positive",1
"2459","gravely","negative",1
"2460","grieve","negative",1
"2461","grievously","negative",1
"2462","grossly","negative",1
"2463","grotesque","negative",1
"2464","grudges","negative",1
"2465","grudgingly","negative",1
"2466","gruesomely","negative",1
"2467","grumble","negative",1
"2468","grumpier","negative",1
"2469","grumpily","negative",1
"2470","guarantee","positive",1
"2471","guile","negative",1
"2472","gush","positive",1
"2473","gutsy","positive",1
"2474","hallmark","positive",1
"2475","hallucination","negative",1
"2476","haphazard","negative",1
"2477","harass","negative",1
"2478","harboring","negative",1
"2479","harmful","negative",1
"2480","harmoniously","positive",1
"2481","harshly","negative",1
"2482","hasty","negative",1
"2483","haters","negative",1
"2484","haughty","negative",1
"2485","haze","negative",1
"2486","heartbreaker","negative",1
"2487","heartily","positive",1
"2488","heckle","negative",1
"2489","heckled","negative",1
"2490","heckles","negative",1
"2491","hectic","negative",1
"2492","hedonistic","negative",1
"2493","heinous","negative",1
"2494","heresy","negative",1
"2495","heretic","negative",1
"2496","hinder","negative",1
"2497","hiss","negative",1
"2498","hoax","negative",1
"2499","homage","positive",1
"2500","honored","positive",1
"2501","hooligan","negative",1
"2502","hotheaded","negative",1
"2503","huckster","negative",1
"2504","hug","positive",1
"2505","hype","negative",1
"2506","hypocrisy","negative",1
"2507","hysterically","negative",1
"2508","ideally","positive",1
"2509","idiocy","negative",1
"2510","idiots","negative",1
"2511","idle","negative",1
"2512","idolized","positive",1
"2513","illogical","negative",1
"2514","illuminate","positive",1
"2515","illuminating","positive",1
"2516","immaculately","positive",1
"2517","imminently","negative",1
"2518","immobilized","negative",1
"2519","immoral","negative",1
"2520","impeccable","positive",1
"2521","impeccably","positive",1
"2522","imperfect","negative",1
"2523","imperfections","negative",1
"2524","imperious","negative",1
"2525","impetuous","negative",1
"2526","implicate","negative",1
"2527","impotent","negative",1
"2528","impresses","positive",1
"2529","imprison","negative",1
"2530","improves","positive",1
"2531","inability","negative",1
"2532","inaccuracies","negative",1
"2533","inadequate","negative",1
"2534","incendiary","negative",1
"2535","incite","negative",1
"2536","incomplete","negative",1
"2537","incomprehensible","negative",1
"2538","inconsiderate","negative",1
"2539","incorrect","negative",1
"2540","indifferent","negative",1
"2541","indoctrinate","negative",1
"2542","indoctrination","negative",1
"2543","indulge","negative",1
"2544","indulgence","positive",1
"2545","industrious","positive",1
"2546","ineptitude","negative",1
"2547","inexorable","negative",1
"2548","inexorably","negative",1
"2549","infallible","positive",1
"2550","infamy","negative",1
"2551","inferior","negative",1
"2552","inflated","negative",1
"2553","inflexible","negative",1
"2554","inglorious","negative",1
"2555","injure","negative",1
"2556","innocuous","positive",1
"2557","insanely","negative",1
"2558","insatiable","negative",1
"2559","insecure","negative",1
"2560","insensitive","negative",1
"2561","insinuate","negative",1
"2562","insufferable","negative",1
"2563","insular","negative",1
"2564","interruption","negative",1
"2565","intimidate","negative",1
"2566","intimidating","negative",1
"2567","intolerable","negative",1
"2568","intrusive","negative",1
"2569","involuntary","negative",1
"2570","irascible","negative",1
"2571","irate","negative",1
"2572","ire","negative",1
"2573","irked","negative",1
"2574","ironically","negative",1
"2575","irrational","negative",1
"2576","irrationality","negative",1
"2577","irreparable","negative",1
"2578","irresponsible","negative",1
"2579","irritated","negative",1
"2580","irritating","negative",1
"2581","isolate","negative",1
"2582","itch","negative",1
"2583","itching","negative",1
"2584","jerk","negative",1
"2585","joyously","positive",1
"2586","jubilation","positive",1
"2587","jumpy","negative",1
"2588","knotted","negative",1
"2589","lackluster","negative",1
"2590","lacks","negative",1
"2591","lament","negative",1
"2592","lanky","negative",1
"2593","lavishly","positive",1
"2594","lawlessness","negative",1
"2595","layoff","negative",1
"2596","leaks","negative",1
"2597","lethargic","negative",1
"2598","liability","negative",1
"2599","licentiousness","negative",1
"2600","lighter","positive",1
"2601","likable","positive",1
"2602","listless","negative",1
"2603","logical","positive",1
"2604","lonesome","negative",1
"2605","louder","negative",1
"2606","luckiest","positive",1
"2607","lurid","negative",1
"2608","maddening","negative",1
"2609","majesty","positive",1
"2610","mangle","negative",1
"2611","manipulators","negative",1
"2612","mar","negative",1
"2613","marvelously","positive",1
"2614","masterfully","positive",1
"2615","maturity","positive",1
"2616","meaningless","negative",1
"2617","melodramatic","negative",1
"2618","menial","negative",1
"2619","merit","positive",1
"2620","messes","negative",1
"2621","messing","negative",1
"2622","mire","negative",1
"2623","miscellaneous","negative",1
"2624","misconception","negative",1
"2625","misconceptions","negative",1
"2626","miscreant","negative",1
"2627","miser","negative",1
"2628","miseries","negative",1
"2629","misfortune","negative",1
"2630","misgivings","negative",1
"2631","mislead","negative",1
"2632","misleading","negative",1
"2633","mist","negative",1
"2634","mistrust","negative",1
"2635","misuse","negative",1
"2636","moan","negative",1
"2637","modest","positive",1
"2638","momentous","positive",1
"2639","monstrously","negative",1
"2640","monumental","positive",1
"2641","morbid","negative",1
"2642","moronic","negative",1
"2643","morons","negative",1
"2644","motley","negative",1
"2645","mournful","negative",1
"2646","murderously","negative",1
"2647","neatly","positive",1
"2648","negligence","negative",1
"2649","nicer","positive",1
"2650","nicest","positive",1
"2651","nitpicking","negative",1
"2652","noisy","negative",1
"2653","nosey","negative",1
"2654","notoriously","negative",1
"2655","numb","negative",1
"2656","oblivious","negative",1
"2657","obscured","negative",1
"2658","obstinately","negative",1
"2659","obstruct","negative",1
"2660","obstructs","negative",1
"2661","odder","negative",1
"2662","oddity","negative",1
"2663","ominously","negative",1
"2664","openly","positive",1
"2665","openness","positive",1
"2666","opportunistic","negative",1
"2667","oppressors","negative",1
"2668","optimism","positive",1
"2669","orderly","positive",1
"2670","outdo","positive",1
"2671","outraged","negative",1
"2672","outshine","positive",1
"2673","overjoyed","positive",1
"2674","overpower","negative",1
"2675","overtakes","positive",1
"2676","overwhelm","negative",1
"2677","overwhelmingly","negative",1
"2678","pains","negative",1
"2679","palatial","positive",1
"2680","pale","negative",1
"2681","pales","negative",1
"2682","pamper","positive",1
"2683","pampered","positive",1
"2684","pandemonium","negative",1
"2685","panicked","negative",1
"2686","paramount","positive",1
"2687","passionately","positive",1
"2688","passive","negative",1
"2689","perilously","negative",1
"2690","perish","negative",1
"2691","persevere","positive",1
"2692","perverted","negative",1
"2693","perverts","negative",1
"2694","pessimistic","negative",1
"2695","pest","negative",1
"2696","petrified","negative",1
"2697","phenomenally","positive",1
"2698","picket","negative",1
"2699","piety","positive",1
"2700","plea","negative",1
"2701","pleas","negative",1
"2702","plentiful","positive",1
"2703","ploy","negative",1
"2704","plush","positive",1
"2705","pointless","negative",1
"2706","posh","positive",1
"2707","powerfully","positive",1
"2708","precise","positive",1
"2709","precisely","positive",1
"2710","preferably","positive",1
"2711","preferring","positive",1
"2712","preposterous","negative",1
"2713","pretence","negative",1
"2714","principled","positive",1
"2715","profanity","negative",1
"2716","protective","positive",1
"2717","protesting","negative",1
"2718","providence","positive",1
"2719","provocation","negative",1
"2720","provoke","negative",1
"2721","quaint","positive",1
"2722","qualified","positive",1
"2723","racy","negative",1
"2724","radicals","negative",1
"2725","ragged","negative",1
"2726","rail","negative",1
"2727","raked","negative",1
"2728","ramshackle","negative",1
"2729","rapid","positive",1
"2730","ravage","negative",1
"2731","reasonable","positive",1
"2732","recommendations","positive",1
"2733","rectify","positive",1
"2734","reforming","positive",1
"2735","refusal","negative",1
"2736","regression","negative",1
"2737","rejection","negative",1
"2738","rejuvenate","positive",1
"2739","rejuvenated","positive",1
"2740","relent","positive",1
"2741","reliable","positive",1
"2742","relish","positive",1
"2743","reluctance","negative",1
"2744","remorse","negative",1
"2745","renunciation","negative",1
"2746","repress","negative",1
"2747","reputable","positive",1
"2748","resent","negative",1
"2749","resignation","negative",1
"2750","resilient","positive",1
"2751","resolute","positive",1
"2752","restlessness","negative",1
"2753","retarded","negative",1
"2754","retreated","negative",1
"2755","revolutionize","positive",1
"2756","rhetoric","negative",1
"2757","rhetorical","negative",1
"2758","richness","positive",1
"2759","ridicules","negative",1
"2760","ridiculously","negative",1
"2761","rife","negative",1
"2762","righteously","positive",1
"2763","righteousness","positive",1
"2764","rigid","negative",1
"2765","riled","negative",1
"2766","roadblocks","negative",1
"2767","rot","negative",1
"2768","rue","negative",1
"2769","ruinous","negative",1
"2770","ruthlessly","negative",1
"2771","sag","negative",1
"2772","sagging","negative",1
"2773","saintly","positive",1
"2774","salacious","negative",1
"2775","sane","positive",1
"2776","sap","negative",1
"2777","sarcasm","negative",1
"2778","sarcastic","negative",1
"2779","sardonic","negative",1
"2780","sass","negative",1
"2781","satisfied","positive",1
"2782","satisfies","positive",1
"2783","savages","negative",1
"2784","scathing","negative",1
"2785","scorching","negative",1
"2786","scornful","negative",1
"2787","scoundrel","negative",1
"2788","scourge","negative",1
"2789","scrambling","negative",1
"2790","scratches","negative",1
"2791","scream","negative",1
"2792","scum","negative",1
"2793","selective","positive",1
"2794","selfishly","negative",1
"2795","senile","negative",1
"2796","sensations","positive",1
"2797","sensible","positive",1
"2798","serenity","positive",1
"2799","servitude","negative",1
"2800","setback","negative",1
"2801","severity","negative",1
"2802","shabby","negative",1
"2803","shallow","negative",1
"2804","sham","negative",1
"2805","shambles","negative",1
"2806","sharpest","positive",1
"2807","shimmering","positive",1
"2808","shimmy","negative",1
"2809","shit","negative",1
"2810","shiver","negative",1
"2811","shortage","negative",1
"2812","shroud","negative",1
"2813","shun","negative",1
"2814","simplest","positive",1
"2815","simplify","positive",1
"2816","simplistic","negative",1
"2817","sincerity","positive",1
"2818","sinking","negative",1
"2819","skepticism","negative",1
"2820","skillful","positive",1
"2821","skillfully","positive",1
"2822","slashing","negative",1
"2823","sleek","positive",1
"2824","slick","positive",1
"2825","slower","negative",1
"2826","slump","negative",1
"2827","sly","negative",1
"2828","smack","negative",1
"2829","smiles","positive",1
"2830","snag","negative",1
"2831","sneaky","negative",1
"2832","snobbish","negative",1
"2833","snobs","negative",1
"2834","sobering","negative",1
"2835","solemn","negative",1
"2836","solid","positive",1
"2837","sore","negative",1
"2838","sorely","negative",1
"2839","sorry","negative",1
"2840","spacious","positive",1
"2841","spank","negative",1
"2842","speedy","positive",1
"2843","spellbinding","positive",1
"2844","spinster","negative",1
"2845","splendidly","positive",1
"2846","spoils","negative",1
"2847","spook","negative",1
"2848","sprightly","positive",1
"2849","squash","negative",1
"2850","squeaky","negative",1
"2851","stain","negative",1
"2852","stall","negative",1
"2853","stampede","negative",1
"2854","starkly","negative",1
"2855","startlingly","negative",1
"2856","starvation","negative",1
"2857","stately","positive",1
"2858","staunchly","positive",1
"2859","stifling","negative",1
"2860","stimulating","positive",1
"2861","stinging","negative",1
"2862","stingy","negative",1
"2863","stodgy","negative",1
"2864","straightforward","positive",1
"2865","strangely","negative",1
"2866","strangle","negative",1
"2867","stresses","negative",1
"2868","stringent","negative",1
"2869","striving","positive",1
"2870","stubbornly","negative",1
"2871","stumped","negative",1
"2872","stupendously","positive",1
"2873","stylish","positive",1
"2874","stymied","negative",1
"2875","subdued","negative",1
"2876","succeeding","positive",1
"2877","sucker","negative",1
"2878","sued","negative",1
"2879","sues","negative",1
"2880","sulk","negative",1
"2881","sunken","negative",1
"2882","superbly","positive",1
"2883","superficiality","negative",1
"2884","suppression","negative",1
"2885","swagger","negative",1
"2886","sweetness","positive",1
"2887","symptom","negative",1
"2888","tanks","negative",1
"2889","taunt","negative",1
"2890","tedious","negative",1
"2891","tempest","negative",1
"2892","tempt","positive",1
"2893","tenacity","positive",1
"2894","terrific","positive",1
"2895","thank","positive",1
"2896","thankful","positive",1
"2897","thrash","negative",1
"2898","throbbing","negative",1
"2899","tickle","positive",1
"2900","topnotch","positive",1
"2901","torrent","negative",1
"2902","torturing","negative",1
"2903","totalitarian","negative",1
"2904","touchy","negative",1
"2905","toughness","negative",1
"2906","transgression","negative",1
"2907","troublemaker","negative",1
"2908","trusting","positive",1
"2909","trustworthy","positive",1
"2910","truthful","positive",1
"2911","tumbles","negative",1
"2912","unabashedly","positive",1
"2913","unaffordable","negative",1
"2914","unattractive","negative",1
"2915","unavoidably","negative",1
"2916","unbearable","negative",1
"2917","unbiased","positive",1
"2918","uncaring","negative",1
"2919","undersized","negative",1
"2920","undisputed","positive",1
"2921","undocumented","negative",1
"2922","unequal","negative",1
"2923","unfounded","negative",1
"2924","unhappily","negative",1
"2925","unimaginably","negative",1
"2926","unlawful","negative",1
"2927","unnerving","negative",1
"2928","unnervingly","negative",1
"2929","unreal","positive",1
"2930","unreasonable","negative",1
"2931","unresponsive","negative",1
"2932","unrivaled","positive",1
"2933","unruly","negative",1
"2934","unsatisfactory","negative",1
"2935","unsupported","negative",1
"2936","untenable","negative",1
"2937","untrustworthy","negative",1
"2938","unwavering","positive",1
"2939","unwelcome","negative",1
"2940","unwisely","negative",1
"2941","unworthy","negative",1
"2942","uphold","positive",1
"2943","uproar","negative",1
"2944","vagrant","negative",1
"2945","vanity","negative",1
"2946","vehement","negative",1
"2947","venomous","negative",1
"2948","vent","negative",1
"2949","vibrantly","positive",1
"2950","viciously","negative",1
"2951","viciousness","negative",1
"2952","vigilant","positive",1
"2953","villian","negative",1
"2954","violate","negative",1
"2955","virtue","positive",1
"2956","vulgar","negative",1
"2957","waning","negative",1
"2958","warily","negative",1
"2959","warmhearted","positive",1
"2960","warmly","positive",1
"2961","warned","negative",1
"2962","warp","negative",1
"2963","wasting","negative",1
"2964","wellbeing","positive",1
"2965","wickedness","negative",1
"2966","wiles","negative",1
"2967","willingly","positive",1
"2968","willingness","positive",1
"2969","wilt","negative",1
"2970","wimpy","negative",1
"2971","worsening","negative",1
"2972","wowing","positive",1
"2973","wreaked","negative",1
"2974","zeal","positive",1
"2975","zealot","negative",1
"2976","zest","positive",1
"2977","zippy","positive",1
